module_id	type	subtype	name	organism	source_species	gene_symbol	uniprot_id	sequence_aa	length_aa	target_or_mechanism	quantitative_metric	quantitative_metric_label	quantitative_metric_source	validation_level	source	source_doi	source_version	source_date	jaspar_id	known_interactors	linker_notes	engineering_compatibility	chromatin_state_effect	notes	date_added	date_modified
DBD_HO_ATF1	DBD	TF_bZIP	ATF1	Homo sapiens	Homo_sapiens	ATF1	P18846	MEDSHKSTTSETAPQPGSAVQGAHISHIAQQVSSLSESEESQDSSDSIGSSQKAHGILARRPSYRKILKDLSSEDTRGRKGDGENSGVSAAVTSMSVPTPIYQTSSGQYIAIAPNGALQLASPGTDGVQGLQTLTMTNSGSTQQGTTILQYAQTSDGQQILVPSNQVVVQTASGDMQTYQIRTTPSATSLPQTVVMTSPVTLTSQTTKTDDPQLKREIRLMKNREAARECRRKKKEYVKCLENRVAVLENQNKTLIEELKTLKDLYSNKSV	271.0	TF_bZIP family TF				predicted	AnimalTFDB v4.0	10.1093/nar/gkad625	4.0	2026-05-29						Sequence from UniProt P18846	2026-05-29T08:38:52.232048+00:00	2026-05-29T08:38:52.232048+00:00
DBD_HO_SOX3	DBD	HMG	SOX3	Homo sapiens	Homo_sapiens	SOX3	P41225	MRPVRENSSGARSPRVPADLARSILISLPFPPDSLAHRPPSSAPTESQGLFTVAAPAPGAPSPPATLAHLLPAPAMYSLLETELKNPVGTPTQAAGTGGPAAPGGAGKSSANAAGGANSGGGSSGGASGGGGGTDQDRVKRPMNAFMVWSRGQRRKMALENPKMHNSEISKRLGADWKLLTDAEKRPFIDEAKRLRAVHMKEYPDYKYRPRRKTKTLLKKDKYSLPSGLLPPGAAAAAAAAAAAAAAASSPVGVGQRLDTYTHVNGWANGAYSLVQEQLGYAQPPSMSSPPPPPALPPMHRYDMAGLQYSPMMPPGAQSYMNVAAAAAAASGYGGMAPSATAAAAAAYGQQPATAAAAAAAAAAMSLGPMGSVVKSEPSSPPPAIASHSQRACLGDLRDMISMYLPPGGDAADAASPLPGGRLHGVHQHYQGAGTAVNGTVPLTHI	446.0	HMG family TF				predicted	AnimalTFDB v4.0	10.1093/nar/gkad625	4.0	2026-05-29						Sequence from UniProt P41225	2026-05-29T08:38:52.981278+00:00	2026-05-29T08:38:52.981278+00:00
DBD_HO_SPIB	DBD	ETS	SPIB	Homo sapiens	Homo_sapiens	SPIB	Q01892	MLALEAAQLDGPHFSCLYPDGVFYDLDSCKHSSYPDSEGAPDSLWDWTVAPPVPATPYEAFDPAAAAFSHPQAAQLCYEPPTYSPAGNLELAPSLEAPGPGLPAYPTENFASQTLVPPAYAPYPSPVLSEEEDLPLDSPALEVSDSESDEALVAGPEGKGSEAGTRKKLRLYQFLLGLLTRGDMRECVWWVEPGAGVFQFSSKHKELLARRWGQQKGNRKRMTYQKLARALRNYAKTGEIRKVKRKLTYQFDSALLPAVRRA	262.0	ETS family TF; see JASPAR MA0081.1				motif-only	AnimalTFDB v4.0	10.1093/nar/gkad625	4.0	2026-05-29	MA0081.1					Sequence from UniProt Q01892	2026-05-29T08:38:53.711471+00:00	2026-05-29T08:38:53.711471+00:00
DBD_HO_ZNF620	DBD	zf-C2H2	ZNF620	Homo sapiens	Homo_sapiens	ZNF620	Q6ZNG0	MFQTAWRQEPVTFEDVAVYFTQNEWASLDSVQRALYREVMLENYANVASLAFPFTTPVLVSQLEQGELPWGLDPWEPMGREALRGICPGDEARTEKEGLTPKDHVSKETESFRLMVGGLPGNVSQHLDFGSSLEQPQGHWIIKTKSKRRHFTDTSARHHEAYEVKNGEKFEKLGKNISVSTQLTTNQTNPSGQISYECGQCGRYFIQMADFHRHEKCHTGEKSFECKECGKYFRYNSLLIRHQIIHTGKKPFKCKECGKGLSSDTALIQHQRIHTGEKPYECKECGKAFSSSSVFLQHQRFHTGEKLYECNECWKTFSCSSSFTVHQRMHTGEKPYECKECGKRLSSNTALTQHQRIHTGEKPFECKECGKAFNQKITLIQHQRVHTGEKPYECKVCGKTFSWCGRFILHQKLHTQKTPVQA	422.0	zf-C2H2 family TF				predicted	AnimalTFDB v4.0	10.1093/nar/gkad625	4.0	2026-05-29						Sequence from UniProt Q6ZNG0	2026-05-29T08:38:54.433984+00:00	2026-05-29T08:38:54.433984+00:00
DBD_HO_ZNF225	DBD	zf-C2H2	ZNF225	Homo sapiens	Homo_sapiens	ZNF225	Q9UK10	MTTLKEAVTFKDVAVVFTEEELRLLDLAQRKLYREVMLENFRNLLSVGHQSLHRDTFHFLKEEKFWMMETATQREGNLGGKIQMEMETVSESGTHEGLFSHQTWEQISSDLTRFQDSMVNSFQFSKQDDMPCQVDAGLSIIHVRQKPSEGRTCKKSFSDVSVLDLHQQLQSREKSHTCDECGKSFCYSSALRIHQRVHMGEKLYNCDVCGKEFNQSSHLQIHQRIHTGEKPFKCEQCGKGFSRRSGLYVHRKLHTGVKPHICEKCGKAFIHDSQLQEHQRIHTGEKPFKCDICCKSFRSRANLNRHSMVHMREKPFRCDTCGKSFGLKSALNSHRMVHTGEKRYKCEECGKRFIYRQDLYKHQIDHTGEKPYNCKECGKSFRWASGLSRHVRVHSGETTFKCEECGKGFYTNSQRYSHQRAHSGEKPYRCEECGKGYKRRLDLDFHQRVHRGEKPYNCKECGKSFGWASCLLNHQRIHSGEKPFKCEECGKRFTQNSQLYTHRRVHSGEKPFKCEECGKRFTQNSQLYSHRRVHTGVKPYKCEECGKGFNSKFNLDMHQRVHTGERPYNCKECGKSFSRASSILNHKRLHGDEKPFKCEECGKRFTENSQLHSHQRVHTGEKPYKCEKCGKSFRWASTHLTHQRLHSREKLLQCEDCGKSIVHSSCLKDQQRDQSGEKTSKCEDCGKRYKRRLNLDTLLSLFLNDT	706.0	zf-C2H2 family TF				predicted	AnimalTFDB v4.0	10.1093/nar/gkad625	4.0	2026-05-29						Sequence from UniProt Q9UK10	2026-05-29T08:38:55.176233+00:00	2026-05-29T08:38:55.176233+00:00
DBD_HO_HOXD13	DBD	Homeobox	HOXD13	Homo sapiens	Homo_sapiens	HOXD13	P35453	MSRAGSWDMDGLRADGGGAGGAPASSSSSSVAAAAASGQCRGFLSAPVFAGTHSGRAAAAAAAAAAAAAAASGFAYPGTSERTGSSSSSSSSAVVAARPEAPPAKECPAPTPAAAAAAPPSAPALGYGYHFGNGYYSCRMSHGVGLQQNALKSSPHASLGGFPVEKYMDVSGLASSSVPANEVPARAKEVSFYQGYTSPYQHVPGYIDMVSTFGSGEPRHEAYISMEGYQSWTLANGWNSQVYCTKDQPQGSHFWKSSFPGDVALNQPDMCVYRRGRKKRVPYTKLQLKELENEYAINKFINKDKRRRISAATNLSERQVTIWFQNRRVKDKKIVSKLKDTVS	343.0	Homeobox family TF; see JASPAR MA0909.1				motif-only	AnimalTFDB v4.0	10.1093/nar/gkad625	4.0	2026-05-29	MA0909.1					Sequence from UniProt P35453	2026-05-29T08:38:56.963641+00:00	2026-05-29T08:38:56.963641+00:00
DBD_HO_NR1D1	DBD	THR-like	NR1D1	Homo sapiens	Homo_sapiens	NR1D1	P20393	MTTLDSNNNTGGVITYIGSSGSSPSRTSPESLYSDNSNGSFQSLTQGCPTYFPPSPTGSLTQDPARSFGSIPPSLSDDGSPSSSSSSSSSSSSFYNGSPPGSLQVAMEDSSRVSPSKSTSNITKLNGMVLLCKVCGDVASGFHYGVHACEGCKGFFRRSIQQNIQYKRCLKNENCSIVRINRNRCQQCRFKKCLSVGMSRDAVRFGRIPKREKQRMLAEMQSAMNLANNQLSSQCPLETSPTQHPTPGPMGPSPPPAPVPSPLVGFSQFPQQLTPPRSPSPEPTVEDVISQVARAHREIFTYAHDKLGSSPGNFNANHASGSPPATTPHRWENQGCPPAPNDNNTLAAQRHNEALNGLRQAPSSYPPTWPPGPAHHSCHQSNSNGHRLCPTHVYAAPEGKAPANSPRQGNSKNVLLACPMNMYPHGRSGRTVQEIWEDFSMSFTPAVREVVEFAKHIPGFRDLSQHDQVTLLKAGTFEVLMVRFASLFNVKDQTVMFLSRTTYSLQELGAMGMGDLLSAMFDFSEKLNSLALTEEELGLFTAVVLVSADRSGMENSASVEQLQETLLRALRALVLKNRPLETSRFTKLLLKLPDLRTLNNMHSEKLLSFRVDAQ	614.0	THR-like family TF; see JASPAR MA1531.1				motif-only	AnimalTFDB v4.0	10.1093/nar/gkad625	4.0	2026-05-29	MA1531.1					Sequence from UniProt P20393	2026-05-29T08:38:58.023756+00:00	2026-05-29T08:38:58.023756+00:00
DBD_HO_FOXJ3	DBD	Fork_head	FOXJ3	Homo sapiens	Homo_sapiens	FOXJ3	Q9UPW0	MGLYGQACPSVTSLRMTSELESSLTSMDWLPQLTMRAAIQKSDATQNAHGTGISKKNALLDPNTTLDQEEVQQHKDGKPPYSYASLITFAINSSPKKKMTLSEIYQWICDNFPYYREAGSGWKNSIRHNLSLNKCFLKVPRSKDDPGKGSYWAIDTNPKEDVLPTRPKKRARSVERASTPYSIDSDSLGMECIISGSASPTLAINTVTNKVTLYNTDQDGSDSPRSSLNNSLSDQSLASVNLNSVGSVHSYTPVTSHPESVSQSLTPQQQPQYNLPERDKQLLFSEYNFEDLSASFRSLYKSVFEQSLSQQGLMNIPSESSQQSHTSCTYQHSPSSTVSTHPHSNQSSLSNSHGSGLNTTGSNSVAQVSLSHPQMHTQPSPHPPHRPHGLPQHPQRSPHPAPHPQQHSQLQSPHPQHPSPHQHIQHHPNHQHQTLTHQAPPPPQQVSCNSGVSNDWYATLDMLKESCRIASSVNWSDVDLSQFQGLMESMRQADLKNWSLDQVQFADLCSSLNQFFTQTGLIHSQSNVQQNVCHGAMHPTKPSQHIGTGNLYIDSRQNLPPSVMPPPGYPHIPQALSTPGTTMAGHHRAMNQQHMMPSQAFQMRRSLPPDDIQDDFDWDSIV	622.0	Fork_head family TF				predicted	AnimalTFDB v4.0	10.1093/nar/gkad625	4.0	2026-05-29						Sequence from UniProt Q9UPW0	2026-05-29T08:38:58.727587+00:00	2026-05-29T08:38:58.727587+00:00
DBD_HO_ZBED3	DBD	zf-BED	ZBED3	Homo sapiens	Homo_sapiens	ZBED3	Q96IU2	MRSGEPACTMDQARGLDDAAARGGQCPGLGPAPTPTPPGRLGAPYSEAWGYFHLAPGRPGHPSGHWATCRLCGEQVGRGPGFHAGTSALWRHLRSAHRRELESSGAGSSPPAAPCPPPPGPAAAPEGDWARLLEQMGALAVRGSRRERELERRELAVEQGERALERRRRALQEEERAAAQARRELQAEREALQARLRDVSRREGALGWAPAAPPPLKDDPEGDRDGCVITKVLL	234.0	zf-BED family TF				predicted	AnimalTFDB v4.0	10.1093/nar/gkad625	4.0	2026-05-29						Sequence from UniProt Q96IU2	2026-05-29T08:38:59.480171+00:00	2026-05-29T08:38:59.480171+00:00
DBD_HO_BCL6B	DBD	ZBTB	BCL6B	Homo sapiens	Homo_sapiens	BCL6B	Q8N143	MGSPAAPEGALGYVREFTRHSSDVLGNLNELRLRGILTDVTLLVGGQPLRAHKAVLIACSGFFYSIFRGRAGVGVDVLSLPGGPEARGFAPLLDFMYTSRLRLSPATAPAVLAAATYLQMEHVVQACHRFIQASYEPLGISLRPLEAEPPTPPTAPPPGSPRRSEGHPDPPTESRSCSQGPPSPASPDPKACNWKKYKYIVLNSQASQAGSLVGERSSGQPCPQARLPSGDEASSSSSSSSSSSEEGPIPGPQSRLSPTAATVQFKCGAPASTPYLLTSQAQDTSGSPSERARPLPGSEFFSCQNCEAVAGCSSGLDSLVPGDEDKPYKCQLCRSSFRYKGNLASHRTVHTGEKPYHCSICGARFNRPANLKTHSRIHSGEKPYKCETCGSRFVQVAHLRAHVLIHTGEKPYPCPTCGTRFRHLQTLKSHVRIHTGEKPYHCDPCGLHFRHKSQLRLHLRQKHGAATNTKVHYHILGGP	479.0	ZBTB family TF; see JASPAR MA0731.1				motif-only	AnimalTFDB v4.0	10.1093/nar/gkad625	4.0	2026-05-29	MA0731.1					Sequence from UniProt Q8N143	2026-05-29T08:39:00.705114+00:00	2026-05-29T08:39:00.705114+00:00
DBD_HO_HAND2	DBD	bHLH	HAND2	Homo sapiens	Homo_sapiens	HAND2	P61296	MSLVGGFPHHPVVHHEGYPFAAAAAAAAAAAASRCSHEENPYFHGWLIGHPEMSPPDYSMALSYSPEYASGAAGLDHSHYGGVPPGAGPPGLGGPRPVKRRGTANRKERRRTQSINSAFAELRECIPNVPADTKLSKIKTLRLATSYIAYLMDLLAKDDQNGEAEAFKAEIKKTDVKEEKRKKELNEILKSTVSSNDKKTKGRTGWPQHVWALELKQ	217.0	bHLH family TF; see JASPAR MA1638.1				motif-only	AnimalTFDB v4.0	10.1093/nar/gkad625	4.0	2026-05-29	MA1638.1					Sequence from UniProt P61296	2026-05-29T08:39:01.445112+00:00	2026-05-29T08:39:01.445112+00:00
DBD_HO_ZNF576	DBD	zf-C2H2	ZNF576	Homo sapiens	Homo_sapiens	ZNF576	Q9H609	MEDPNPEENMKQQDSPKERSPQSPGGNICHLGAPKCTRCLITFADSKFQERHMKREHPADFVAQKLQGVLFICFTCARSFPSSKALITHQRSHGPAAKPTLPVATTTAQPTFPCPDCGKTFGQAVSLRRHRQMHEVRAPPGTFACTECGQDFAQEAGLHQHYIRHARGEL	170.0	zf-C2H2 family TF				predicted	AnimalTFDB v4.0	10.1093/nar/gkad625	4.0	2026-05-29						Sequence from UniProt Q9H609	2026-05-29T08:39:02.172336+00:00	2026-05-29T08:39:02.172336+00:00
DBD_HO_TBX3	DBD	T-box	TBX3	Homo sapiens	Homo_sapiens	TBX3	O15119	MSLSMRDPVIPGTSMAYHPFLPHRAPDFAMSAVLGHQPPFFPALTLPPNGAAALSLPGALAKPIMDQLVGAAETGIPFSSLGPQAHLRPLKTMEPEEEVEDDPKVHLEAKELWDQFHKRGTEMVITKSGRRMFPPFKVRCSGLDKKAKYILLMDIIAADDCRYKFHNSRWMVAGKADPEMPKRMYIHPDSPATGEQWMSKVVTFHKLKLTNNISDKHGFTLAFPSDHATWQGNYSFGTQTILNSMHKYQPRFHIVRANDILKLPYSTFRTYLFPETEFIAVTAYQNDKITQLKIDNNPFAKGFRDTGNGRREKRKQLTLQSMRVFDERHKKENGTSDESSSEQAAFNCFAQASSPAASTVGTSNLKDLCPSEGESDAEAESKEEHGPEACDAAKISTTTSEEPCRDKGSPAVKAHLFAAERPRDSGRLDKASPDSRHSPATISSSTRGLGAEERRSPVREGTAPAKVEEARALPGKEAFAPLTVQTDAAAAHLAQGPLPGLGFAPGLAGQQFFNGHPLFLHPSQFAMGGAFSSMAAAGMGPLLATVSGASTGVSGLDSTAMASAAAAQGLSGASAATLPFHLQQHVLASQGLAMSPFGSLFPYPYTYMAAAAAASSAAASSSVHRHPFLNLNTMRPRLRYSPYSIPVPVPDGSSLLTTALPSMAAAAGPLDGKVAALAASPASVAVDSGSELNSRSSTLSSSSMSLSPKLCAEKEAATSELQSIQRLVSGLEAKPDRSRSASP	743.0	T-box family TF; see JASPAR MA1566.1				motif-only	AnimalTFDB v4.0	10.1093/nar/gkad625	4.0	2026-05-29	MA1566.1					Sequence from UniProt O15119	2026-05-29T08:39:02.915715+00:00	2026-05-29T08:39:02.915715+00:00
DBD_HO_FOXN2	DBD	Fork_head	FOXN2	Homo sapiens	Homo_sapiens	FOXN2	P32314	MGPVIGMTPDKRAETPGAEKIAGLSQIYKMGSLPEAVDAARPKATLVDSESADDELTNLNWLHESTNLLTNFSLGSEGLPIVSPLYDIEGDDVPSFGPACYQNPEKKSATSKPPYSFSLLIYMAIEHSPNKCLPVKEIYSWILDHFPYFATAPTGWKNSVRHNLSLNKCFQKVERSHGKVNGKGSLWCVDPEYKPNLIQALKKQPFSSASSQNGSLSPHYLSSVIKQNQVRNLKESDIDAAAAMMLLNTSIEQGILECEKPLPLKTALQKKRSYGNAFHHPSAVRLQESDSLATSIDPKEDHNYSASSMAAQRCASRSSVSSLSSVDEVYEFIPKNSHVGSDGSEGFHSEEDTDVDYEDDPLGDSGYASQPCAKISEKGQSGKKMRKQTCQEIDEELKEAAGSLLHLAGIRTCLGSLISTAKTQNQKQRKK	431.0	Fork_head family TF				predicted	AnimalTFDB v4.0	10.1093/nar/gkad625	4.0	2026-05-29						Sequence from UniProt P32314	2026-05-29T08:39:03.648602+00:00	2026-05-29T08:39:03.648602+00:00
DBD_HO_BATF3	DBD	TF_bZIP	BATF3	Homo sapiens	Homo_sapiens	BATF3	Q9NR55	MSQGLPAAGSVLQRSVAAPGNQPQPQPQQQSPEDDDRKVRRREKNRVAAQRSRKKQTQKADKLHEEYESLEQENTMLRREIGKLTEELKHLTEALKEHEKMCPLLLCPMNFVPVPPRPDPVAGCLPR	127.0	TF_bZIP family TF; see JASPAR MA0835.2				motif-only	AnimalTFDB v4.0	10.1093/nar/gkad625	4.0	2026-05-29	MA0835.2					Sequence from UniProt Q9NR55	2026-05-29T08:39:04.358952+00:00	2026-05-29T08:39:04.358952+00:00
DBD_HO_ZNF792	DBD	zf-C2H2	ZNF792	Homo sapiens	Homo_sapiens	ZNF792	Q3KQV3	MAAAALRDPAQGCVTFEDVTIYFSQEEWVLLDEAQRLLYCDVMLENFALIASLGLISFRSHIVSQLEMGKEPWVPDSVDMTSAMARGAYGRPGSDFCHGTEGKDLPSEHNVSVEGVAQDRSPEATLCPQKTCPCDICGLRLKDILHLAEHQTTHPRQKPFVCEAYVKGSEFSANLPRKQVQQNVHNPIRTEEGQASPVKTCRDHTSDQLSTCREGGKDFVATAGFLQCEVTPSDGEPHEATEGVVDFHIALRHNKCCESGDAFNNKSTLVQHQRIHSRERPYECSKCGIFFTYAADLTQHQKVHNRGKPYECCECGKFFSQHSSLVKHRRVHTGESPHVCGDCGKFFSRSSNLIQHKRVHTGEKPYECSDCGKFFSQRSNLIHHKRVHTGRSAHECSECGKSFNCNSSLIKHWRVHTGERPYKCNECGKFFSHIASLIQHQIVHTGERPHGCGECGKAFSRSSDLMKHQRVHTGERPYECNECGKLFSQSSSLNSHRRLHTGERPYQCSECGKFFNQSSSLNNHRRLHTGERPYECSECGKTFRQRSNLRQHLKVHKPDRPYECSECGKAFNQRPTLIRHQKIHIRERSMENVLLPCSQHTPEISSENRPYQGAVNYKLKLVHPSTHPGEVP	632.0	zf-C2H2 family TF				predicted	AnimalTFDB v4.0	10.1093/nar/gkad625	4.0	2026-05-29						Sequence from UniProt Q3KQV3	2026-05-29T08:39:05.380145+00:00	2026-05-29T08:39:05.380145+00:00
DBD_HO_ZNF717	DBD	zf-C2H2	ZNF717	Homo sapiens	Homo_sapiens	ZNF717	Q9BY31	MFPVFSGCFQELQEKNKSLELVSFEEVAVHFTWEEWQDLDDAQRTLYRDVMLETYSSLVSLGHYITKPEMIFKLEQGAEPWIVEETPNLRLSAVQIIDDLIERSHESHDRFFWQIVITNSNTSTQERVELGKTFNLNSNHVLNLIINNGNSSGMKPGQFNDCQNMLFPIKPGETQSGEKPHVCDITRRSHRHHEHLTQHHKIQTLLQTFQCNEQGKTFNTEAMFFIHKRVHIVQTFGKYNEYEKACNNSAVIVQVITQVGQPTCCRKSDFTKHQQTHTGEKPYECVECEKPSISKSDLMLQCKMPTEEKPYACNWCEKLFSYKSSLIIHQRIHTGEKPYGCNECGKTFRRKSFLTLHERTHTGDKPYKCIECGKTFHCKSLLTLHHRTHSGEKPYQCSECGKTFSQKSYLTIHHRTHTGEKPYACDHCEEAFSHKSRLTVHQRTHTGEKPYECNECGKPFINKSNLRLHQRTHTGEKPYECNECGKTFHRKSFLTIHQWTHTGEKPYECNECGKTFRCKSFLTVHQRTHAGEKPYACNECGKTYSHKSYLTVHHRTHTGEKPYECNECGKSFHCKSFLTIHQRTHAGKKPYECNECEKTFINKLNLGIHKRTHTGERPYECNECGKTFRQKSNLSTHQGTHTGEKPYVCNECGKTFHRKSFLTIHQRTHTGKNRMDVMNVEKLFVRNHTLLYIRELTPGKSPMNVMNVENPFIRRQIFRSIKVFTRGRNPMNVANVEKPCQKSVLTVHHRTHTGEKPYECNECGKTFCHKSNLSTHQGTHSGEKPYECDECRKTFYDKTVLTIHQRTHTGEKPFECKECRKTFSQKSKLFVHHRTHTGEKPFRCNECRKTFSQKSGLSIHQRTHTGEKPYECKECGKTFCQKSHLSRHQQTHIGEKSDVAEAGYVFPQNHSFFP	914.0	zf-C2H2 family TF				predicted	AnimalTFDB v4.0	10.1093/nar/gkad625	4.0	2026-05-29						Sequence from UniProt Q9BY31	2026-05-29T08:39:06.778569+00:00	2026-05-29T08:39:06.778569+00:00
DBD_HO_RREB1	DBD	zf-C2H2	RREB1	Homo sapiens	Homo_sapiens	RREB1	Q92766	MTSSSPAGLEGSDLSSINTMMSAVMSVGKVTENGGSPQGIKSPSKPPGPNRIGRRNQETKEEKSSYNCPLCEKICTTQHQLTMHIRQHNTDTGGADHSCSICGKSLSSASSLDRHMLVHSGERPYKCTVCGQSFTTNGNMHRHMKIHEKDPNSATATAPPSPLKRRRLSSKRKLSHDAESEREDPAPAKKMVEDGQSGDLEKKADEVFHCPVCFKEFVCKYGLETHMETHSDNPLRCDICCVTFRTHRGLLRHNALVHKQLPRDAMGRPFIQNNPSIPAGFHDLGFTDFSCRKFPRISQAWCETNLRRCISEQHRFVCDTCDKAFPMLCSLALHKQTHVAADQGQEKPQATPLPGDALDQKGFLALLGLQHTKDVRPAPAEEPLPDDNQAIQLQTLKCQLPQDPGCTNLLSLSPFEAASLGGSLTVLPATKDSIKHLSLQPFQKGFIIQPDSSIVVKPISGESAIELADIQQILKMAASAPPQISLPPFSKAPAAPLQAIFKHMPPLKPKPLVTPRTVVATSTPPPLINAQQASPGCISPSLPPPPLKLLKGSVEAASNAHLLQSKSGTQPHAATRLSLQQPRAELPGQPEMKTQLEQDSIIEALLPLSMEAKIKQEITEGELKAFMTAPGGKKTPAMRKVLYPCRFCNQVFAFSGVLRAHVRSHLGISPYQCNICDYIAADKAALIRHLRTHSGERPYICKICHYPFTVKANCERHLRKKHLKATRKDIEKNIEYVSSSAAELVDAFCAPDTVCRLCGEDLKHYRALRIHMRTHCGRGLGGGHKGRKPFECKECSAAFAAKRNCIHHILKQHLHVPEQDIESYVLAADGLGPAEAPAAEASGRGEDSGCAALGDCKPLTAFLEPQNGFLHRGPTQPPPPHVSIKLEPASSFAVDFNEPLDFSQKGLALVQVKQENISFLSPSSLVPYDCSMEPIDLSIPKNFRKGDKDLATPSEAKKPEEEAGSSEQPSPCPAPGPSLPVTLGPSGILESPMAPAPAATPEPPAQPLQGPVQLAVPIYSSALVSSPPLVGSSALLSGTALLRPLRPKPPLLLPKPPVTEELPPLASIAQIISSVSSAPTLLKTKVADPGPASTGSNTTASDSLGGSVPKAATTATPAATTSPKESSEPPAPASSPEAASPTEQGPAGTSKKRGRKRGMRSRPRANSGGVDLDSSGEFASIEKMLATTDTNKFSPFLQTAEDNTQDEVAGAPADHHGPSDEEQGSPPEDKLLRAKRNSYTNCLQKITCPHCPRVFPWASSLQRHMLTHTDSQSDAETAAAAGEVLDLTSRDREQPSEGATELRQVAGDAPVEQATAETASPVHREEHGRGESHEPEEEHGTEESTGDADGAEEDASSNQSLDLDFATKLMDFKLAEGDGEAGAGGAASQEQKLACDTCGKSFKFLGTLSRHRKAHGRQEPKDEKGDGASTAEEGPQPAPEQEEKPPETPAEVVESAPGAGEAPAEKLAEETEGPSDGESAAEKRSSEKSDDDKKPKTDSPKSVASKADKRKKVCSVCNKRFWSLQDLTRHMRSHTGERPYKCQTCERTFTLKHSLVRHQRIHQKARHAKHHGKDSDKEERGEEDSENESTHSGNNAVSENEAELAPNASNHMAVTRSRKEGLASATKDCSHREEKVTAGWPSEPGQGDLNPESPAALGQDLLEPRSKRPAHPILATADGASQLVGME	1687.0	zf-C2H2 family TF; see JASPAR MA0073.1				motif-only	AnimalTFDB v4.0	10.1093/nar/gkad625	4.0	2026-05-29	MA0073.1					Sequence from UniProt Q92766	2026-05-29T08:39:08.058685+00:00	2026-05-29T08:39:08.058685+00:00
DBD_MU_LIN28B	DBD	CSD	Lin28b	Mus musculus	Mus_musculus	Lin28b	Q45KJ6	MAEGGASKGEEPEKLPGLAEDEPQVLHGTGHCKWFNVRMGFGFISMISREGNPLDIPVDVFVHQSKLFMEGFRSLKEGEPVEFTFKKSPKGLESIRVTGPGGSPCLGSERRPKGKTLQKRKPKGDRCYNCGGLDHHAKECSLPPQPKKCHYCQSIMHMVANCPHKLAAQLPASSQGRQEAESQPCSSAAPREVGGGHGCTVLFPQEVKSEMAEHSDRSPQEVSSTKAFAAIGEQNKKGPLIQKRKKT	247.0	CSD family TF				predicted	AnimalTFDB v4.0	10.1093/nar/gkad625	4.0	2026-05-29						Sequence from UniProt Q45KJ6	2026-05-29T08:39:09.294452+00:00	2026-05-29T08:39:09.294452+00:00
DBD_MU_TBX2	DBD	T-box	Tbx2	Mus musculus	Mus_musculus	Tbx2	Q60707	MREPALAASAMAYHPFHAPRPADFPMSAFLAAAQPSFFPALALPPGALGKPLPDPGLAGAAAAAAAAAAAAEAGLHVSALGPHPPAAHLRSLKSLEPEDEVEDDPKVTLEAKELWDQFHKLGTEMVITKSGRRMFPPFKVRVSGLDKKAKYILLMDIVAADDCRYKFHNSRWMVAGKADPEMPKRMYIHPDSPATGEQWMAKPVAFHKLKLTNNISDKHGFTILNSMHKYQPRFHIVRANDILKLPYSTFRTYVFPETDFIAVTAYQNDKITQLKIDNNPFAKGFRDTGNGRREKRKQLTLPTLRLYEEHCKPERDGAESDASSCDPPPAREPPPSPSAAPSPLRLHRARAEEKPGAADSDPEPERTGEERSAAPLGRSPSRDASPARLTEPERSRERRSPERCSKEPTEGGGDGPFSLRSLEKERPEARRKDEGRKDVGEGKEPSLAPLVVQTDSASPLGAGHLPGLAFSSHLHGQQFFGPLGAGQPLFLHPGQFAMGPGAFSAMGMGHLLASVAGGSGSSGGAGPGTAAGLDAGGLGPAASAASTAAPFPFHLSQHMLASQGIPMPTFGGLFPYPYTYMAAAAAAASALPATSAAAAAAAAAGSLSRSPFLGSARPRLRFSPYQIPVTIPPSTSLLTTGLAAEGSKGGNSREPSPLPELALRKVGGPSRGALSPSGSAKEAASELQSIQRLVSGLESQRALSPGRESPK	711.0	T-box family TF				predicted	AnimalTFDB v4.0	10.1093/nar/gkad625	4.0	2026-05-29						Sequence from UniProt Q60707	2026-05-29T08:39:10.040969+00:00	2026-05-29T08:39:10.040969+00:00
DBD_MU_DMTF1	DBD	MYB	Dmtf1	Mus musculus	Mus_musculus	Dmtf1	Q8CE22	MSTVEEDSDTVTVETVNSVTFTQDTDGNLILHCPQNDPDEVDSEDSTEPPHKRLCLSSEDDQSIDDATPCISVVALPLSENDQSFEVTMTATTEVADDELSEGTVTQIQILQNDQLDEISPLGTEEVSAVSQAWFTTKEDKDSLTNKGHKWKQGMWSKEEIDILMNNIERYLKARGIKDATEIIFEMSKDERKDFYRTIAWGLNRPLFAVYRRVLRMYDDRNHVGKYTPEEIEKLKELRIKHGNDWATIGAALGRSASSVKDRCRLMKDTCNTGKWTEEEEKRLAEVVHELTSTEPGDIVTQGVSWAAVAERVGTRSEKQCRSKWLNYLNWKQSGGTEWTKEDEINLILRIAELDVADENDINWDLLAEGWSSVRSPQWLRSKWWTIKRQIANHKDVSFPVLIKGLKQLHENQKNNPVLLENKSGSGVPNSNCNSSVQHVQIRVARLEDNTAISPSPMAALQIPVQITHVSSTDSPAASVDSETITLNSGTLQTFEILPSFHLQPTGTPGTYLLQTSSSQGLPLTLTTNPTVTLAAAAPASPEQIIVHALSPEHLLNTSDNVTVQCHTPRVIIQTVATEDITSSLSQEELTVDSDLHSSDFPEPPDALEADTFPDEIPRPKMTIQPSFNNAHVSKFSDQNSTELMNSVMVRTEEEIADTDLKQEEPPSDLASAYVTEDLESPTIVHQVHQTIDDETILIVPSPHGFIQASDVIDTESVLPLTTLTDPIFQHHQEASNIIGSSLGSPVSEDSKDVEDLVNCH	761.0	MYB family TF				predicted	AnimalTFDB v4.0	10.1093/nar/gkad625	4.0	2026-05-29						Sequence from UniProt Q8CE22	2026-05-29T08:39:10.803103+00:00	2026-05-29T08:39:10.803103+00:00
DBD_MU_IRX4	DBD	Homeobox	Irx4	Mus musculus	Mus_musculus	Irx4	Q9QY61	MSYPQFGYPYSSAPQFLMTTNSLSTCCESGGRTLADSGPAASAQAPVYCPVYESRLLATARHELNSAAALGVYGSPYGSSQGYGNYVTYGSEASAFYSLNSFESKDGTGSSHAGLPPTAAAAYYPYEPALSQYPYDRYGTVDSGTRRKNATRETTSTLKAWLQEHRKNPYPTKGEKIMLAIITKMTLTQVSTWFANARRRLKKENKMTWPPRNKCADEKRPYGEGEEEEAGEEESREEPLKSAKSEGHAGKDDKELELSDLEDFDPLDAETSECELKTPFQSLDSGPERIPASSDGPGTGKEASTTLRMPLGTAGGAVMDGDLERARNCLRSTVVVPDSGAEGGPPACEAKLTFAQAGAPPNLETKPRIWSLAHTATAAAATALSQTEFPSCMLKRQGPTGVSATTPASSPAVTAPSGALDRHQDSPVTSLRNWVDGVFHDPILRHSTLNQAWATAKGALLDPGPLGRNLGAGTNVLTTPLACSFPPTVPQDVPPAGASRELLATPKAGGKPFCT	515.0	Homeobox family TF				predicted	AnimalTFDB v4.0	10.1093/nar/gkad625	4.0	2026-05-29						Sequence from UniProt Q9QY61	2026-05-29T08:39:12.153671+00:00	2026-05-29T08:39:12.153671+00:00
DBD_MU_IRF3	DBD	IRF	Irf3	Mus musculus	Mus_musculus	Irf3	P70671	METPKPRILPWLVSQLDLGQLEGVAWLDESRTRFRIPWKHGLRQDAQMADFGIFQAWAEASGAYTPGKDKPDVSTWKRNFRSALNRKEVLRLAADNSKDPYDPHKVYEFVTPGARDFVHLGASPDTNGKSSLPHSQENLPKLFDGLILGPLKDEGSSDLAIVSDPSQQLPSPNVNNFLNPAPQENPLKQLLAEEQWEFEVTAFYRGRQVFQQTLFCPGGLRLVGSTADMTLPWQPVTLPDPEGFLTDKLVKEYVGQVLKGLGNGLALWQAGQCLWAQRLGHSHAFWALGEELLPDSGRGPDGEVHKDKDGAVFDLRPFVADLIAFMEGSGHSPRYTLWFCMGEMWPQDQPWVKRLVMVKVVPTCLKELLEMAREGGASSLKTVDLHISNSQPISLTSDQYKAYLQDLVEDMDFQATGNI	419.0	IRF family TF				predicted	AnimalTFDB v4.0	10.1093/nar/gkad625	4.0	2026-05-29						Sequence from UniProt P70671	2026-05-29T08:39:12.880518+00:00	2026-05-29T08:39:12.880518+00:00
DBD_MU_GM14391	DBD	zf-C2H2	Gm14391	Mus musculus	Mus_musculus	Gm14391				zf-C2H2 family TF				predicted	AnimalTFDB v4.0	10.1093/nar/gkad625	4.0	2026-05-29						Sequence not yet fetched	2026-05-29T08:39:13.680734+00:00	2026-05-29T08:39:13.680734+00:00
DBD_MU_ZFP507	DBD	zf-C2H2	Zfp507	Mus musculus	Mus_musculus	Zfp507	Q6ZPY5	MEESSSIAMLVQEIGEPEAVLTAEGVLSPSSEVDQQRKAKADPLVHVIQKLSKIVGHEKSQKCLLIGKKRPRPSETANSLEKLENCEIPAKATESPAAGVRKTEMSQASSTLASNDGKAMSYQCSLCKFLSPSFSVLKEHVKQHGQQHDVMLMCSECHATSRSQQELEAHVVSEHENSASSQARSSPSGQGATERKSETMVDIPVNMGSPQTHAVQSAAMAESGRRKWYAYEQYGMYRCLFCSYTCGQQRMLKTHAWKHAGEVNCSYPIFENENEPLGLLASSMSAAPGGVDAVVIAIGDSELSIHNGPSVQVQICSSDPPSSSPLEQSTEEGVHLNQAVTLDANEEEMLEVMSDSEENLFADSLLSSAQKIISSSPNKKGHVNVIVERLPSAEETLPPKHFLINAEMEEGKSPSPSEAQTGCVGAGNMYHADKCTVDIGGLIIGWSSAEKKDSELSKGLAPDENAPPGRRRTNSESLRLHSLAAEALVTMPIRAAELTRASLGHYGDINLLDPDTGQRQVSGPLATYSKKIMSPLKNSTDGVTSFNQSNSTVVALPEGRQELSDGQVKTGISMSLLTVIEKLRERTDQNASDDDILKELQDNAQCQPNSDGSLLGSNVVEYIPDAERPYRCRLCNYSSGNRGYIKQHLRVHRQRQPYQCPICEHIAENSKDLESHMINHCKTRIHQCKQCKESFHYKSQLRNHEREQHCLPNTLSVASNEPRISRDAADGKCAQEGNKPSTQKQYRCDVCDYTSTTYVGVRNHRRVHNSDKPYRCSLCGYVCSHPPSLKSHMWKHASDQNYNYEQVNKAINDAISQSARVLGKSRGKPLLTSSEERTGPTTGSPENLVSSSELTSQLPGEVMDASELEKLNPTGCSSDVSGRSCSLAAPGTEYCVLLFCCCICGFESTSKESLLDHMKEHEGEIVSIILNKDHSTALNAN	941.0	zf-C2H2 family TF				predicted	AnimalTFDB v4.0	10.1093/nar/gkad625	4.0	2026-05-29						Sequence from UniProt Q6ZPY5	2026-05-29T08:39:14.710134+00:00	2026-05-29T08:39:14.710134+00:00
DBD_MU_ZFP981	DBD	zf-C2H2	Zfp981	Mus musculus	Mus_musculus	Zfp981				zf-C2H2 family TF				predicted	AnimalTFDB v4.0	10.1093/nar/gkad625	4.0	2026-05-29						Sequence not yet fetched	2026-05-29T08:39:15.492007+00:00	2026-05-29T08:39:15.492007+00:00
DBD_MU_IRF2	DBD	IRF	Irf2	Mus musculus	Mus_musculus	Irf2	P23906	MPVERMRMRPWLEEQINSNTIPGLKWLNKEKKIFQIPWMHAARHGWDVEKDAPLFRNWAIHTGKHQPGIDKPDPKTWKANFRCAMNSLPDIEEVKDRSIKKGNNAFRVYRMLPLSERPSKKGKKPKTEKEERVKHIKQEPVESSLGLSNGVSGFSPEYAVLTSAIKNEVDSTVNIIVVGQSHLDSNIEDQEIVTNPPDICQVVEVTTESDDQPVSMSELYPLQISPVSSYAESETTDSVASDEENAEGRPHWRKRSIEGKQYLSNMGTRNTYLLPSMATFVTSNKPDLQVTIKEDSCPMPYNSSWPPFTDLPLPAPVTPTPSSSRPDRETRASVIKKTSDITQARVKSC	349.0	IRF family TF				predicted	AnimalTFDB v4.0	10.1093/nar/gkad625	4.0	2026-05-29						Sequence from UniProt P23906	2026-05-29T08:39:16.393849+00:00	2026-05-29T08:39:16.393849+00:00
DBD_MU_ZFX	DBD	zf-C2H2	Zfx	Mus musculus	Mus_musculus	Zfx	P17012	MDEDGLELQQQAPNSFFDATGAGATHMDGNQIVVEVQETVYVSDVVDSDITVHNYVPDDPDSVVIQDVIEDVVIEDVQCTDIMDEADVSETVIIPEQVLDSDVTEEVSLTHCTVPDDVLASDITSASISMPEHVLTSESIHVSDVGHVEHVVHDSVVEAEIVTDPLAADVVSEEVLVADCASEAVIDANGIPVNQQDEEKNNCEDYLMISLDDAGKIEHDGSSGLTMDNETEIDPCKVDGTCPEVIKVYIFKADPGEDDLGGTVDIVESEPENEHGVELLDPNNSIRVPREKMVYMAVNDSQQEEEELNVAEIADEVYMEVIVGEEDAAAAAAAAVHEQQVEDNEMKTFMPIAWAAAYGNNSDGIENRNGTASALLHIDESAGLGRLAKQKPKKRRRPDSRQYQTAIIIGPDGHPLTVYPCMICGKKFKSRGFLKRHMKNHPEHLAKKKYRCTDCDYTTNKKISLHNHLESHKLTSKAEKAIECDECGKHFSHAGALFTHKMVHKEKGANKMHKCKFCEYETAEQGLLNRHLLAVHSKNFPHICVECGKGFRHPSELKKHMRIHTGEKPYECQYCEYRSADSSNLKTHVKTKHSKEMPFKCDICLLTFSDTKEVQQHALVHQESKTHQCLHCDHKSSNSSDLKRHIISVHTKDYPHKCDMCDKGFHRPSELKKHVAAHKGKKMHQCRHCDFKIADPFVLSRHILSVHTKDLPFRCKRCRKGFRQQSELKKHMKTHSGRKVYQCEYCEYSTTDASGFKRHVISIHTKDYPHRCEYCKKGFRRPSEKNQHIMRHHKEVGLP	799.0	zf-C2H2 family TF; see JASPAR MA0146.1				motif-only	AnimalTFDB v4.0	10.1093/nar/gkad625	4.0	2026-05-29	MA0146.1					Sequence from UniProt P17012	2026-05-29T08:39:17.475038+00:00	2026-05-29T08:39:17.475038+00:00
DBD_MU_GM5141	DBD	zf-C2H2	Gm5141	Mus musculus	Mus_musculus	Gm5141				zf-C2H2 family TF				predicted	AnimalTFDB v4.0	10.1093/nar/gkad625	4.0	2026-05-29						Sequence not yet fetched	2026-05-29T08:39:18.253804+00:00	2026-05-29T08:39:18.253804+00:00
DBD_MU_TEF	DBD	TF_bZIP	Tef	Mus musculus	Mus_musculus	Tef	Q9JLC6	MSDAGGGKKPPVEPQAGPGPGRAAGERGLSGSFPLVLKKLMENPPRETRLDKEKGKEKLEEDESAAASTMAVSASLMPPIWDKTIPYDGESFHLEYMDLDEFLLENGIPASPTHLAQNLLLPVAELEGKESASSSTASPPSSSTAIFQPSETVSSTESSLEKERETPSPIDPSCVEVDVNFNPDPADLVLSSVPGGELFNPRKHRFAEEDLKPQPMIKKAKKVFVPDEQKDEKYWTRRKKNNVAAKRSRDARRLKENQITIRAAFLEKENTALRTEVAELRKEVGKCKTIVSKYETKYGPL	301.0	TF_bZIP family TF				predicted	AnimalTFDB v4.0	10.1093/nar/gkad625	4.0	2026-05-29						Sequence from UniProt Q9JLC6	2026-05-29T08:39:18.991884+00:00	2026-05-29T08:39:18.991884+00:00
DBD_MU_RHOX3H	DBD	Homeobox	Rhox3h	Mus musculus	Mus_musculus	Rhox3h				Homeobox family TF				predicted	AnimalTFDB v4.0	10.1093/nar/gkad625	4.0	2026-05-29						Sequence not yet fetched	2026-05-29T08:39:19.983178+00:00	2026-05-29T08:39:19.983178+00:00
DBD_MU_BNC2	DBD	zf-C2H2	Bnc2	Mus musculus	Mus_musculus	Bnc2	Q8BMQ3	MARFVPSPPPNCLSYKSEGRLGEQDWQAHFKVPCCGVDPSQLESEEAEVDVRERDTQRDREPKRARDLTLRDSCTDNSMQFGTRTTAAEPGFMGTWQNADTNLLFRMSQQVPLACAGRVLGADFCPNLEEPDQRLEVQAIRCTLVNCTCECFQPGKINLRTCDQCKHGWVAHALDKLSTQHLYHPTQVEIVQSNVVFDISSLMLYGTQAVPVRLKILLDRLFSVLKQEEVLHILHGLGWTLRDYVRGYILQDAAGKVLDRWAIMSREEEIITLQQFLRFGETKSIVELMAIQEKEGQAVAVPSSKTDSDIRTFIESNNRTRSPSLLAHLENSNPSSIHHFENIPNSLAFLLPFQYINPVSAPLLGLPPNGLLLEQPGLRLREPSISTQNEYNESSESEVSPTPYKSDQTPNRNALTSITNVEPKTEPACVSPIQNSAPVSDLSKTEHPKSSFRIHRMRRMGSASRKGRVFCNACGKTFYDKGTLKIHYNAVHLKIKHRCTIEGCNMVFSSLRSRNRHSANPNPRLHMPMLRNNRDKDLIRATSGAATPVIASTKSNLTLTSPGRPPMGFTTPPLDPVLQNPLPSQLVFSGLKTVQPVPPFYRSLLTPGEMVSPPTSLPTSPIIPTSGTIEQHPPPPSEPIVPAVMMGTHEPSADLAPKKKPRKSSMPVKIEKEIIDTADEFDDEDDDPNDGGTVVNDMSHDNHCHSQDEMSPGMSVKDFSKHNRTRCISRTEIRRADSMTSEDQEPERDYENESESSEPKLGEESMEGDEHLHSEVSEKVLMNSERPDENHSEPSHQDVIKVKEEFTDPTYDMFYMSQYGLYNGGGASMAALHESFTSSLNYGSPQKFSPEGDLCSSPDPKICYVCKKSFKSSYSVKLHYRNVHLKEMHVCTVAGCNAAFPSRRSRDRHSANINLHRKLLTKELDDMSLDSSQPSLSKDLRDEFLMKIYGAQHPLGLDGREDASSPAGTEDSHLNGYGRGMAEDYMVLDLSTTSSLQSSSSVHSSRESDAGSDEGILLDDIDGASDSGESTHKAEAPTLPGSLGAEVSGSLMFSSLSGSNGGIMCNICHKMYSNKGTLRVHYKTVHLREMHKCKVPGCNMMFSSVRSRNRHSQNPNLHKNIPFTSID	1127.0	zf-C2H2 family TF				predicted	AnimalTFDB v4.0	10.1093/nar/gkad625	4.0	2026-05-29						Sequence from UniProt Q8BMQ3	2026-05-29T08:39:21.060152+00:00	2026-05-29T08:39:21.060152+00:00
DBD_MU_MEOX1	DBD	Homeobox	Meox1	Mus musculus	Mus_musculus	Meox1	P32442	MDPVANSCVRNPQPPAPVWGCLRNPHSEDSSASGLSHYPPTPFSFHQKSDFPATAAYPDFSASCLAATPHSLPRTERIFNEQHPAFPQTPDWHFPISEAGQRLNLGPAGSAREMGAGSPGLVDGTAGLGEDCMVLGTIANETEKKSSRRKKERSDNQENGGGKPEGSSKARKERTAFTKEQLRELEAEFAHHNYLTRLRRYEIAVNLDLSERQVKVWFQNRRMKWKRVKGGQPVSPQEQDREDGDSAASPSSE	253.0	Homeobox family TF				predicted	AnimalTFDB v4.0	10.1093/nar/gkad625	4.0	2026-05-29						Sequence from UniProt P32442	2026-05-29T08:39:22.028971+00:00	2026-05-29T08:39:22.028971+00:00
DBD_MU_ZFP775	DBD	zf-C2H2	Zfp775	Mus musculus	Mus_musculus	Zfp775	Q8BI73	MESGLAGSISGDGLARIKQEKPEWLLQTVASQATEKDKENIFQQQSGLPPCQTMGRPRALGSQEETGGTRWAPLPEQDAPLAARVPGTAPGPLSPSLSAGGGHFVCVDCGKRFSWWSSLKIHQRTHTGEKPYLCGKCGKSFSQKPNLVRHQRHHTGERPFCCPECTRRFSQKQHLLKHQKTHSRPATHTCPECERCFRHQVGLRIHQRAHARNRLGARVNLHEMFRYAAARRWSCRLRPGSPRGHPEWVWLGLCRSWWGQHGVRTTAHSRLGPSEQRQFICNDCGKSFTWWSSLNIHQRIHTGERPYACPECGRCFSQKPNLTRHLRNHTGERPHPCSHCGRSFRQKQHLLKHLRTHLPGAQAARCTSCGQSCPSRAALRAHQRVHTAAELLRSQSAVRDGVPGSESQAEIAQSVVVKPQGPQGAKEVLCGQECETLAVPSEQRQFICNECGKSFSWWSALTIHQRIHTGERPYACPDCGRCFSQKPNLTRHRRNHTGERPYLCTACGRGFRQKQHLLKHQRVHRGTQAPHPGPEEEL	538.0	zf-C2H2 family TF				predicted	AnimalTFDB v4.0	10.1093/nar/gkad625	4.0	2026-05-29						Sequence from UniProt Q8BI73	2026-05-29T08:39:22.856151+00:00	2026-05-29T08:39:22.856151+00:00
DBD_MU_FOXJ1	DBD	Fork_head	Foxj1	Mus musculus	Mus_musculus	Foxj1	Q61660	MAESWLRLCGAGPGEEAGPEGGMEEPDALDDSLTSLQWLQEFSILNAKAPTLPPGGTDPHGYHQVPGLVAPGSPLAADPACLGQPHTPGKPTSSCTSRSAPPGLQAPPPDDVDYATNPHVKPPYSYATLICMAMQASKATKITLSAIYKWITDNFCYFRHADPTWQNSIRHNLSLNKCFIKVPREKDEPGKGGFWRIDPQYAERLLSGAFKKRRLPPVHIHPAFARQASQEPSAAPWGGPLTVNREAQQLLQEFEEATGEGGWGTGEGRLGHKRKQPLPKRVAKVLRPPSTLLLTQEEQGELEPLKGNFDWEAIFEAGALGEELSSLEGLELSPPLSPSSHGDVDLTVHGRHINCPATWGPPAEQAADSLDFDETFLATSFLQHPWDESGSGCLPPEPIFEAGDATLAADLQDWASVGAFL	421.0	Fork_head family TF				predicted	AnimalTFDB v4.0	10.1093/nar/gkad625	4.0	2026-05-29						Sequence from UniProt Q61660	2026-05-29T08:39:24.729541+00:00	2026-05-29T08:39:24.729541+00:00
DBD_MU_ZFP619	DBD	zf-C2H2	Zfp619	Mus musculus	Mus_musculus	Zfp619				zf-C2H2 family TF				predicted	AnimalTFDB v4.0	10.1093/nar/gkad625	4.0	2026-05-29						Sequence not yet fetched	2026-05-29T08:39:25.498795+00:00	2026-05-29T08:39:25.498795+00:00
DBD_MU_SEBOX	DBD	Homeobox	Sebox	Mus musculus	Mus_musculus	Sebox	P70368	MASPVEASPGCASGLGPHRRKRTTFSVGQLVELERVFAARPYPDISTREHLAQVTHLPEAKIQVWFQNRRAKRIKDRKPGALNSRLELPPNSCSLPDTPQLPWDPGTSSHPLHPTSSAQYTSACPPQTSCLGPILGPGQSWSGAKVAAPWGTSGASGIHSSLEQIVPQTSLGNLSDLIYTSAIVTNVDHF	190.0	Homeobox family TF				predicted	AnimalTFDB v4.0	10.1093/nar/gkad625	4.0	2026-05-29						Sequence from UniProt P70368	2026-05-29T08:39:26.227615+00:00	2026-05-29T08:39:26.227615+00:00
DBD_MU_GM17067	DBD	zf-C2H2	Gm17067	Mus musculus	Mus_musculus	Gm17067				zf-C2H2 family TF				predicted	AnimalTFDB v4.0	10.1093/nar/gkad625	4.0	2026-05-29						Sequence not yet fetched	2026-05-29T08:39:27.514134+00:00	2026-05-29T08:39:27.514134+00:00
ED_VP16_TAD	ED	activator	VP16-TAD	viral	viral		P06492	STAPPTDVSLGDELHLDGEDVAMAHADALDDFDLDMLGDGDSPGPGFTPHDSAPYGALDMADFEFEQMFTDALGIDEYGG	80.0	"Recruits Mediator subunit MED25 and TFIID; enhances preinitiation complex assembly via direct contact with TBP and TAF proteins.
"				screen-validated	Curated: 10.1126/science.236.4806.1237	10.1126/science.236.4806.1237	manual_v1	2026-05-29		MED25, TBP, TAF4, TAF9	GS4 C-terminal linker; tolerate N-terminal fusion	"Widely used as single TAD in ZF-VP16, TALE-VP16, dCas9-VP16 fusions; weaker than VP64 due to single copy.
"	open / H3K27ac deposition	Prototypical acidic activation domain	2026-05-29T08:41:08.302605+00:00	2026-05-29T08:41:08.302605+00:00
ED_VP64	ED	activator	VP64	synthetic	synthetic			DALDDFDLDMLGGSGGGSDALDDFDLDMLGGSGGGSDALDDFDLDMLGGSGGGSDALDDFDLDML	65.0	"Tetrameric enhancement of Mediator recruitment; additive effect of four VP16 minimal ADs. Commonly paired with dCas9 for CRISPRa.
"				screen-validated	Curated: 10.1093/nar/gkq248	10.1093/nar/gkq248	manual_v1	2026-05-29		MED25, TBP, TAF4	GS5 C-terminal; order VP64 last in tandem activator builds	"Standard CRISPRa activator (dCas9-VP64); base of VPR construct; should be fused at C-terminus of DBD with GS linker.
"	open / H3K27ac deposition	Chavez et al. 2015 Nat Methods established VPR with VP64 as base	2026-05-29T08:41:08.302605+00:00	2026-05-29T08:41:08.302605+00:00
ED_P65_TAD	ED	activator	p65-TAD	Homo sapiens	Homo sapiens		Q04206	PTQAGEGTLSEALLQLQFDDEDLGALLGNSTDPAVFTDLASVDNSEFQQLLNQGIPVAPHTTEPMLMEYPEAITRLVTGAQRPPDPAPAPLGAPGLPNGLLSGDEDFSSIADMDFSALLSQISS	124.0	"Recruits CBP/p300 (via RELA transactivation domain) and Mediator; also contacts TFIIH and TFIID. Particularly potent in combination with VP64 (as in VPR).
"				screen-validated	Curated: 10.1038/nmeth.3312	10.1038/nmeth.3312	manual_v1	2026-05-29		CBP, EP300, MED17, TFIIH	GS4 flanking; part of VPR use GSGSG spacers between components	"Middle component of VPR (VP64-p65-Rta). Can be used alone as a strong activator when fused C-terminally to a DBD.
"	open / H3K27ac deposition	Rela activation domain; component of Chavez et al. 2015 VPR	2026-05-29T08:41:08.302605+00:00	2026-05-29T08:41:08.302605+00:00
ED_RTA_TAD	ED	activator	Rta-TAD	viral	viral		P03212	MRAVGVFLAICLVTIFVLPTWGNWAYPCCHVTQLRAQHLLALENISDIYLVSNQTCDGFSLASLNSPKNGSNQLVISRCANGLNVVSFFISILKRSSSALTGHLRELLTTLETLYGSFSVEDLFGANLNRYAWHRGG	137.0	"Recruits p300/CBP and SWI/SNF complex; activates transcription synergistically with VP64+p65 in VPR construct.
"				screen-validated	Curated: 10.1038/nmeth.3312	10.1038/nmeth.3312	manual_v1	2026-05-29		EP300, CREBBP, SMARCA4	GS4 between p65-TAD and Rta-TAD	"C-terminal component of VPR (VP64-p65-Rta); functional as standalone activator but most potent in the VPR combination.
"	open / H3K27ac deposition	Rta from EBV; Chavez et al. 2015 Nat Methods	2026-05-29T08:41:08.302605+00:00	2026-05-29T08:41:08.302605+00:00
ED_VPR	ED	activator	VPR	synthetic	synthetic					"Synergistic activation: VP64 provides Mediator recruitment, p65-TAD adds CBP/p300, Rta-TAD adds SWI/SNF. Together produce ~200-fold induction compared to VP64 alone.
"				screen-validated	Curated: 10.1038/nmeth.3312	10.1038/nmeth.3312	manual_v1	2026-05-29		MED25, EP300, CREBBP, SMARCA4	GS5 between each component; total 166 aa approximately	"C-terminal fusion to any DBD; the current standard for strong gene activation in the CRISPRa/TALE/ZF eTF context.
"	open / H3K27ac deposition	Chavez et al. 2015 Nat Methods. Preferred activator for eTF design.	2026-05-29T08:41:08.302605+00:00	2026-05-29T08:41:08.302605+00:00
ED_MYOD_TAD	ED	activator	MyoD-TAD	Homo sapiens	Homo sapiens		P15172	MELLSPPLRDVDLTAPDGSLCSFATTDDFYDDPCFDSPDLRFFEDLDPRLMHVGALLKPEEHSHFPAAVHPAPGAREDEHVRAPSGHHQAGRCLLWACK	99.0	"N-terminal transcription activation domain of MyoD; recruits SWI/SNF (BRG1) and p300. Particularly effective at pioneer activity on closed chromatin.
"				screen-validated	Curated: 10.1634/stemcells.2011-0107	10.1634/stemcells.2011-0107	manual_v1	2026-05-29		SMARCA4, EP300, E2F	GS6 between MyoD-TAD and DBD; N-terminal placement essential	"Fusion with OCT4 (M3O construct) enhanced MEF reprogramming 50-fold; N-terminal fusion is critical (TAD must be N-terminal to DBD).
"	open / H3K27ac deposition	Hirai et al. 2011 Stem Cells Dev. M3O = MyoD(1-99)-OCT4. Key positive control for the MEF-to-iPSC pipeline.	2026-05-29T08:41:08.302605+00:00	2026-05-29T08:41:08.302605+00:00
ED_MYC_TAD	ED	activator	MYC-TAD	Homo sapiens	Homo sapiens		P01106	MDFFRVVENQQPPATMPLNVSFTNRNYDLDYDSVQPYFYCDEEENFYQQQQQSELQPPAPSEDIWKKFELLPTPPLSPSRRSGLCSPSYVAVTPFSLRGDNDGGGGSFSTADQLEMVTELLGGDMVNQSFICDPDDETFIKNI	143.0	"MYC transactivation domain (MBI+MBII boxes); recruits TRRAP, TIP60 and GCN5 histone acetyltransferases. MBII (residues 128-143) is essential; linker between MBI and MBII also required.
"				screen-validated	Curated: 10.1016/j.scr.2017.08.006	10.1016/j.scr.2017.08.006	manual_v1	2026-05-29		TRRAP, KAT5, KAT2A, EP300	GS6 between MYC-TAD and DBD	"N-terminal fusion with OCT4 dramatically enhances iPSC reprogramming from human fibroblasts. Follow M3O convention: TAD N-terminal, DBD C-terminal.
"	open / H3K27ac deposition	Wang et al. 2017 Stem Cell Res. MBI residues 1-43, MBII 63-143; do not use MBI alone — insufficient activation.	2026-05-29T08:41:08.302605+00:00	2026-05-29T08:41:08.302605+00:00
ED_KRAB	ED	repressor	KRAB	Homo sapiens	Homo sapiens		P21506	MDAKSLTAWSRTLVTFKDVFVDFTREEWKLLDTAQQIVYRNVMLENYKNLVSLGYQLTKPDVILRLEKGEEPWLV	75.0	"Recruits KAP1/TRIM28, which scaffolds NuRD and SETDB1. Leads to H3K9me2/me3 deposition and heterochromatin formation. Silencing can persist after the repressor is removed (epigenetic memory).
"				screen-validated	Curated: 10.1016/j.cell.2012.09.005	10.1016/j.cell.2012.09.005	manual_v1	2026-05-29		TRIM28, SETDB1, CHD3, HDAC1	GS4 C-terminal linker	"Standard CRISPRi repressor (dCas9-KRAB); also used in ZF and TALE fusions. C-terminal to DBD. Potent silencer of MEF-specific enhancers.
"	close / H3K9me2-3 or H3K27me3	Qi et al. 2013 Cell established dCas9-KRAB for CRISPRi. ZFP266 uses a KRAB domain — swapping it for a co-activator domain converted a reprogramming barrier into a facilitator (Bao et al. 2023 Nat Commun). Key positive control.	2026-05-29T08:41:08.302605+00:00	2026-05-29T08:41:08.302605+00:00
ED_KRAB_MECP2	ED	repressor	KRAB-MeCP2	synthetic	synthetic					"Combines H3K9me3 (KRAB) with DNA methylation readout (MeCP2); recruits HDAC1/2 via MeCP2 interaction with NCoR/SMRT complex. Stronger and more durable silencing than KRAB alone.
"				screen-validated	Curated: 10.1126/science.aaz1175	10.1126/science.aaz1175	manual_v1	2026-05-29		TRIM28, HDAC1, HDAC2, NCOR1, NCOR2	GS6 between KRAB and MeCP2 domains	"CRISPRoff uses KRAB-DNMT3A-DNMT3L for heritable silencing; KRAB-MeCP2 is a simpler alternative for durable repression.
"	close / H3K9me2-3 or H3K27me3	Yeo et al. 2018 Science; use for MEF-specific loci requiring durable repression	2026-05-29T08:41:08.302605+00:00	2026-05-29T08:41:08.302605+00:00
ED_SALL1_SDS3	ED	repressor	SALL1-SDS3	Homo sapiens	Homo sapiens		Q9NSC2	MSRRKQAKPQHF	12.0	"12-aa SALL1 repression domain recruits NuRD complex via direct interaction with HDAC1/2 and CHD3/CHD4. Compact size makes it suitable for steric-constraint-limited fusion designs.
"				screen-validated	Curated: 10.1038/ng.543	10.1038/ng.543	manual_v1	2026-05-29		HDAC1, HDAC2, CHD3, CHD4, RBBP4	GS3 minimal linker; very short domain	"Compact (12 aa) — suitable where linker space is limited; should not be used as sole repressor for robust MEF silencing; combine with KRAB for stronger effect.
"	close / H3K9me2-3 or H3K27me3	Lauberth & Bhatt 2010 Nat Genet	2026-05-29T08:41:08.302605+00:00	2026-05-29T08:41:08.302605+00:00
CR_BRG1_ATPASE	CR	ATP-dependent remodeler	BRG1-ATPase	Homo sapiens	Homo sapiens	SMARCA4	P51532	LMVNGVLKQYQIKGLEWLVSLYNNNLNGILADEMGLGKTIQTIALITYLMEHKRINGPFLIIVPLSTLSNWAYEFDKWAPSVVKVSYKGSPAARRAFVPQLRSGKFNVLLTTYEYIIKDKHILAKIRWKYMIVDEGHRMKNHHCKLTQVLNTHYVAPRRLLLTGTPLQNKLPELWALLNFLLPTIFKSCSTFEQWFNAPFAMTGEKVDLNEEETILIIRRLHKVLRPFLLRRLKKEVEAQLPEKVEYVIKCDMSALQRVLYRHMQAKGVLLTDGSEKDKKGKGGTKTLMNTIMQLRKICNHPYMFQHIEESFSEHLGFTGGIVQGLDLYRASGKFELLDRILPKLRATNHKVLLFCQMTSLMTIMEDYFAYRGFKYLRLDGTTKAEDRGMLLKTFNEPGSEYFIFLLSTRAGGLGLNLQSADTVIIFDSDWNPHQDLQAQDRAHRIGQQNEVRVLRLCTVNSVEEKILAAAKYKLNVDQKVIQAG	485.0	"ATPase/helicase domain of SMARCA4; slides and evicts nucleosomes in an ATP-dependent manner. Recruited by OCT4, SOX2, and MYC-TAD to pluripotency enhancers. Core of esBAF; essential for iPSC chromatin opening at pluripotency loci.
"				screen-validated	Curated: 10.1016/j.cell.2010.04.027	10.1016/j.cell.2010.04.027	manual_v1	2026-05-29		SMARCC1 (BAF155), SMARCC2 (BAF170), ARID1A, POU5F1, SOX2	"Large domain (485 aa); use flexible (GS)8 or (EAAAK)3 linker. Place C-terminal to ED in activator eTFs.
"	"Singhal et al. 2010 Cell: BRG1 + BAF155 overexpression enhances MEF reprogramming. ATPase domain alone retains remodeling activity. Preferred CR for activator eTFs targeting iPSC loci.
"	open / nucleosome eviction at target loci	complex: esBAF (SWI/SNF)  target: nucleosome displacement; secondary H3K4me3 increase  Positive control for iPSC-activation eTF designs.	2026-05-29T08:41:37.685192+00:00	2026-05-29T08:41:37.685192+00:00
CR_P300_HAT	CR	histone acetyltransferase	p300-HAT	Homo sapiens	Homo sapiens	EP300	Q09472	KFSAKRLPSTRLGTFLENRVNDFLRRQNHPESGEVTVRVVHASDKTVEVKPGMKARFVDSGEMAESFPYRTKALFAFEEIDGVDLCFFGMHVQEYGSDCPPPNQRRVYISYLDSVHFFRPKCLRTAVYHEILIGYLEYVKKLGYTTGHIWACPPSEGDDYIFHCHPPDQKIPKPKRLQEWYKKMLDKAVSERIVHDYKDIFKQATEDRLTSAKELPYFEGDFWPNVLEESIKELEQEEEERKREENTSNESTDVTKGDSKNAKKKNNKKTSKNKSSLSRGNKKKPGMPNVSNDLSQKLYATMEKHKEVFFVIRLIAGPAANSLPPIVDPDPLIPCDLMDGRDAFLTLARDKHLEFSSLRRAQWSTMCMLVELHTQSQDRF	380.0	"Catalytic HAT core domain of p300; deposits H3K27ac at target enhancers, converting poised H3K4me1 to active H3K27ac state. Used in dCas9-p300 to activate endogenous enhancers with high specificity.
"				screen-validated	Curated: 10.1038/nbt.3199	10.1038/nbt.3199	manual_v1	2026-05-29		MED12, PCAF, RELA, CREBBP	GS8 flexible linker; domain is 380 aa — tolerate C-terminal placement	"Hilton et al. 2015 Nat Biotechnol: dCas9-p300 core activates enhancers far more effectively than dCas9-VP64 alone. Ideal CR for activator eTFs targeting iPSC-specific enhancers in a closed-chromatin MEF context.
"	open / H3K27ac at target enhancer	complex: p300/CBP family  target: H3K27ac (also H3K18ac, H3K9ac)  Hilton et al. 2015 Nat Biotechnol. The HAT core (residues 1287-1666) is the minimal functional domain. Use for enhancer activation, not promoter-proximal targets.	2026-05-29T08:41:37.685192+00:00	2026-05-29T08:41:37.685192+00:00
CR_LSD1_AOD	CR	histone demethylase	LSD1-AOD	Homo sapiens	Homo sapiens	KDM1A / LSD1	O60341	IKPLPTKKTGKVIIIGSGVSGLAAARQLQSFGMDVTLLEARDRVGGRVATFRKGNYVADLGAMVVTGLGGNPMAVVSKQVNMELAKIKQKCPLYEANGQAVPKEKDEMVEQEFNRLLEATSYLSHQLDFNVLNNKPVSLGQALEVVIQLQEKHVKDEQIEHWKKIVKTQEELKELLNKMVNLKEKIKELHQQYKEASEVKPPRDITAEFLVKSKHRDLTALCKEYDELAETQGKLEEKLQELEANPPSDVYLSSRDRQILDWHFANLEFANATPLSTLSLKHWDQDDDFEFTGSHLTVRNGYSCVPVALAEGLDIKLNTAVRQVRYTASGCEVIAVNTRSTSQTFIYKCDAVLCTLPLGVLKQQPPAVQFVPPLPEWKTSAVQRMGFGNLNKVVLCFDRVFWDPSVNLFGHVGSTTASRGELFLFWNLYKAPILLALVAGEAAGIMENISDDVIVGRCLAILKGIFGSSAVPQPKETVVSRWRADPWARGSYSYVAAGSSGNDYDLMAQPITPGPSIPGAPQPIPRLFFAGEHTIRNYPATVHGALLSGLREAGRIADQFLGAMYTLPRQATPGVPAQQSPSM	583.0	"Amine oxidase domain of LSD1; demethylates H3K4me1/me2, converting active enhancers to a poised or inactive state. Used for locus-specific enhancer silencing (e.g. MEF-specific AP-1 enhancers). Recruited by RCOR1 (CoREST) complex.
"				screen-validated	Curated: 10.1038/nmeth.3209	10.1038/nmeth.3209	manual_v1	2026-05-29		RCOR1 (CoREST), HDAC1, HDAC2, ZNF516	GS6 C-terminal to repressor DBD; large domain (583 aa)	"Kearns et al. 2015 Nat Methods: dCas9-LSD1 silences enhancers without affecting promoters — appropriate for MEF-specific enhancer repression in the MEF-to-iPSC dual-arm strategy.
"	close / enhancer decommissioning via H3K4me1 removal	complex: CoREST / NuRD  target: H3K4me1→H3K4me0 (demethylation)  Kearns et al. 2015 Nat Methods. Preferred CR for repressor eTFs targeting MEF-specific enhancers; complements KRAB (which adds H3K9me3 rather than demethylating H3K4me1).	2026-05-29T08:41:37.685192+00:00	2026-05-29T08:41:37.685192+00:00
CR_EZH2_SET	CR	histone methyltransferase	EZH2-SET	Homo sapiens	Homo sapiens		Q15910	NCSIQRGSKKHLLLAPSDVAGWGIFIKDPVQKNEFISEYCGEIISQDEADRRGKVYDKYMCSFLFNLNNDFVVDATRKGNKIRFANHSVNPNCYAKVMMVNGDHRIGIFAKRAIQTGEELFFDYRYSQADALKYVGIEREMEIP	144.0	"Catalytic SET domain of EZH2; trimethylates H3K27 (H3K27me3), the canonical Polycomb silencing mark. Compacts chromatin and prevents enhancer activation. Most active in the context of the full PRC2 complex (with EED and SUZ12).
"				ChIP-validated	Curated: 10.1016/j.molcel.2004.01.004	10.1016/j.molcel.2004.01.004	manual_v1	2026-05-29		EED, SUZ12, JARID2	GS6–8; note: requires EED for full catalytic activity in isolation	"SET domain alone has low activity without EED; consider fusing an EED-interaction peptide or using a co-expressed EED construct. Use only for loci requiring strong, durable Polycomb silencing. Lower priority than KRAB or LSD1 for initial eTF screen.
"	close / H3K27me3 Polycomb silencing	complex: PRC2 (Polycomb Repressive Complex 2)  target: H3K27me3  Czermin et al. 2002, Müller et al. 2002. Activity of isolated SET domain requires validation; prefer EZH2 in PRC2 complex context.	2026-05-29T08:41:37.685192+00:00	2026-05-29T08:41:37.685192+00:00
CR_DNMT3A_CD	CR	DNA methyltransferase	DNMT3A-CD	Homo sapiens	Homo sapiens	DNMT3A	Q9Y6K1	PAEKRKPIRVLSLFDGIATGLLVLKDLGIQVDRYIASEVCEDSITVGMVRHQGKIMYVGDVRSVTQKHIQEWGPFDLVIGGSPCNDLSIVNPARKGLYEGTGRLFFEFYRLLHDARPKEGDDRPFFWLFENVVAMGVSDKRDISRFLESNPVMIDAKEVSAAHRARYFWGNLPGMNRPLASTVNDKLELQECLEHGRIAKFSKVRTITTRSNSIKQGKDQHFPVFMNEKEDILWCTEMERVFGFPVHYTDVSNMSRLARQRLLGRSWSVPVIRHLFAPLKEYFACV	286.0	"Catalytic domain of DNMT3A; deposits CpG methylation de novo. When fused with DNMT3L (which lacks catalytic activity but stimulates DNMT3A), produces heritable silencing. Used in CRISPRoff alongside KRAB for durable, mitotically stable repression.
"				screen-validated	Curated: 10.1016/j.cell.2021.01.022	10.1016/j.cell.2021.01.022	manual_v1	2026-05-29		DNMT3L, DNMT1, UHRF1, H3K36me2	GS8; combine with DNMT3L domain for full activity (CRISPRoff design)	"Nunez et al. 2021 Cell: dCas9-KRAB-DNMT3A-DNMT3L achieves heritable silencing. Use only where long-term, cell-division-stable repression of MEF-specific loci is required. Adds complexity to the eTF construct; not first-line choice.
"	close / CpG methylation; heritable silencing	complex: de novo methyltransferase complex  target: 5-methylcytosine (5mC) at CpG sites  CRISPRoff; Nunez et al. 2021. Use with DNMT3L for full activity.	2026-05-29T08:41:37.685192+00:00	2026-05-29T08:41:37.685192+00:00
