Unnamed: 0,GeneName,ProteinRegionSeq,Activity_mean,Activity_SEM,RegionType,Start_x,End_x,Length,OverlapsKRAB,OverlapsUniprotAD,PublishedAD,NegativeControls,PositiveControls,Activity_Zscore_mean,Activity_Zscore_SEM,Biological_Replicate_1_Raw_Activity,Biological_Replicate_2_Raw_Activity,Biological_Replicate_3_Raw_Activity,Biological_Replicate_1_UniqueIntegrationBCs,Biological_Replicate_2_UniqueIntegrationBCs,Biological_Replicate_3_UniqueIntegrationBCs,uniprot_id,gene_symbol,Start_y,End_y
0.0,>sp|Q8N587|ZN561_HUMAN,VEDYLASGYQDSVTFDDVAVDFTPEEWALLDTTEKYLYRD,223.3345674,7.51141646,Prediction,28.0,68.0,41.0,True,False,False,False,False,0.453366282,0.108105891,143.1532574,154.3492685,167.9786038,63.0,69.0,77.0,Q8N587,ZN561,28.0,68.0
1.0,>sp|Q9H2A3|NGN2_HUMAN,ETLELKEEEDVLVLLGSASPALAALTPLSSSADEEEEEEPG,188.8907813,15.33825814,Prediction,5.0,46.0,42.0,False,False,False,False,False,-0.505427247,0.51495939,122.4139587,141.3383508,98.3974618,15.0,10.0,19.0,Q9H2A3,NGN2,5.0,46.0
2.0,>sp|Q9Y5A6|ZSC21_HUMAN,LELLVLEQFLTILPQELQAWVQEHCPESAEEAVTLLEDLERELDEPG,196.0478005,11.29588209,Prediction,84.0,131.0,48.0,False,False,False,False,False,-0.399475917,0.22696655,96.50373072,129.7775009,157.3395974,48.0,57.0,65.0,Q9Y5A6,ZSC21,84.0,131.0
3.0,>sp|Q9UID6|ZN639_HUMAN,DVQFSSSSELYLHFQEHSCDEQYLCQFCEHETNDPEDLH,218.6404009,8.770446402,Prediction,294.0,333.0,40.0,False,False,False,False,False,0.296560371,0.01920683,133.1775274,147.8681132,170.3529896,27.0,37.0,37.0,Q9UID6,ZN639,294.0,333.0
4.0,>sp|Q96MU6|ZN778_HUMAN,QDAVTFDDVAVDFTQEEWTLLDPSQRDLYRDVMLENYENLASVEW,159.9907551,5.651563808,Prediction,38.0,83.0,46.0,True,False,False,False,False,-1.467747358,0.06958525,75.38789893,94.68392048,105.3778735,38.0,54.0,41.0,Q96MU6,ZN778,38.0,83.0
5.0,>sp|Q8IWI9|MGAP_HUMAN,VTSAIEEAALDSSELLTNMEDEDDTDETLTSLLNEIAFLNQQLNDDSVGLAELPSSMDTEF,255.8474048,23.43927155,Prediction,2794.0,2855.0,62.0,False,False,False,False,False,1.416183218,0.699873047,123.9256595,206.4764333,232.617549,4.0,5.0,6.0,,,,
6.0,>sp|Q8IWI9|MGAP_HUMAN,FQVEHLGTGLKELPDVQGESDSISPLLLHLEDDDFSENE,216.5015629,11.4380228,Prediction,2874.0,2913.0,40.0,False,False,False,False,False,0.219882391,0.118040652,134.5126992,140.0311434,170.4382737,78.0,84.0,102.0,,,,
7.0,>sp|Q8IWI9|MGAP_HUMAN,ELPDVQGESDSISPLLLHLEDDDFSENEKQLAEPASEPD,199.6105778,14.03719322,Prediction,2885.0,2924.0,40.0,False,False,False,False,False,-0.310772605,0.237908949,106.2063605,123.6186388,164.4841617,83.0,67.0,107.0,,,,
8.0,>sp|P54274|TERF1_HUMAN,LECQVQVGAPEEEEEEEEDAGLVAEAEAVAAGWMLDFLCLSLCRAFRDG,139.860511,4.478294618,Prediction,44.0,93.0,50.0,False,False,False,False,False,-2.076327284,0.126326083,49.38206892,78.7673239,86.90956771,3.0,3.0,6.0,P54274,TERF1,44.0,93.0
9.0,>sp|P04150|GCR_HUMAN,TNESPWRSDLLIDENCLLSPLAGEDDSFLLEGNSNEDCKPLILPDT,188.7590013,9.71646901,Prediction,207.0,253.0,47.0,False,False,False,False,False,-0.598954476,0.296505675,83.91464436,132.5640452,145.2757419,17.0,14.0,18.0,P04150,GCR,207.0,253.0
10.0,>sp|O00409|FOXN3_HUMAN,SQCYGGSGFSKALQEDDDLDFSLPDIRLEEGAMEDEELTNLNWLHESKNLLKSF,207.3990206,16.77496734,Prediction,22.0,76.0,55.0,False,False,False,False,False,-0.083416123,0.306680279,128.4817993,120.5373768,168.6553132,22.0,18.0,22.0,O00409,FOXN3,22.0,76.0
11.0,>sp|Q5TGY3|AHDC1_HUMAN,EPEPDSTDYSELADADILSELASLTCPEAQLLEAQALEP,159.3107226,5.991903952,Prediction,227.0,266.0,40.0,False,False,False,False,False,,,62.79265657,112.5812548,,3.0,4.0,1.0,Q5TGY3,AHDC1,227.0,266.0
12.0,>sp|A6NFI3|ZN316_HUMAN,PRDEDLEEEEEEEEDEDEDDLLTAGCQELVTFEDVAVYFSLEEWERLEADQRGLYQE,212.0982686,7.574354905,Prediction,128.0,185.0,58.0,True,False,False,False,False,,,,167.3068995,141.5465775,1.0,5.0,3.0,A6NFI3,ZN316,128.0,185.0
13.0,>sp|A6NFI3|ZN316_HUMAN,TGVYTGAWFWTDDIEDHEEEDDEDFLAEVAEEENEPPGLWSAAYGVG,199.378789,13.01127501,Prediction,230.0,277.0,48.0,True,False,False,False,False,-0.213036764,0.428590372,133.9576091,142.6259508,117.0302346,16.0,18.0,16.0,A6NFI3,ZN316,230.0,277.0
14.0,>sp|Q9BYE7|PCGF6_HUMAN,SLGRFRGRFEDEDEELEEEEELEEEEEEEEEDMSHFSLRLEGGRQDSEDEEERLINLSELTPYIL,203.0083362,4.389585585,Prediction,68.0,133.0,66.0,False,False,False,False,False,-0.122630722,0.25814762,121.7404723,148.2799039,134.4820599,13.0,13.0,14.0,Q9BYE7,PCGF6,68.0,133.0
15.0,>sp|P01100|FOS_HUMAN,DLGFPEEMSVASLDLTGGLPEVATPESEEAFTLPLLND,238.5425291,18.48419666,Prediction,208.0,246.0,39.0,False,False,False,False,False,0.852041337,0.291091539,137.8365911,159.8181099,213.4503139,15.0,17.0,18.0,P01100,FOS,208.0,246.0
16.0,>sp|P78545|ELF3_HUMAN,DELSWIIELLEKDGMAFQEALDPGPFDQGSPFAQELLDDG,260.7677062,30.30532338,Prediction,133.0,173.0,41.0,False,False,True,False,False,1.468024902,0.599111386,186.2914104,148.4255918,243.0635438,6.0,16.0,10.0,P78545,ELF3,133.0,173.0
17.0,>sp|Q9H582|ZN644_HUMAN,SYETEDESSWDNVELGDYTTQAIEDETYSDINQEHVNLFPLF,235.1752321,22.64585469,Prediction,851.0,893.0,43.0,False,False,False,False,False,0.745197819,0.48759999,118.6670047,163.4928182,218.843301,3.0,4.0,7.0,,,,
18.0,>sp|Q9H582|ZN644_HUMAN,VEGQEPGENATLSYDQNDGFYFEYYEDTGSNNFLHEIHDPQHLETADASLS,216.0599141,7.315934713,Prediction,896.0,947.0,52.0,False,False,False,False,False,0.22762281,0.041384951,132.208303,147.5262979,163.9225688,29.0,20.0,31.0,,,,
19.0,>sp|P98177|FOXO4_HUMAN,SQDRMPQDLDLDMYMENLECDMDNIISDLMDEGEGLDFNFEPDP,256.9564981,9.212610003,Prediction,461.0,505.0,45.0,False,False,False,False,False,1.457627453,0.122635549,164.335605,188.9332549,213.078062,27.0,26.0,21.0,P98177,FOXO4,461.0,505.0
20.0,>sp|Q96S65|CSRN1_HUMAN,QPGVDDDSLARILSFSDSDFGGEEEEEEEGSVGNLDNLSCFHPADIFGTSD,217.1107066,15.87159402,Prediction,382.0,433.0,52.0,False,False,False,False,False,0.294396219,0.45310476,159.6320062,145.7722867,141.4052543,4.0,10.0,13.0,Q96S65,CSRN1,382.0,433.0
21.0,>sp|P43268|ETV4_HUMAN,MDPGSLPPLDSEDLFQDLSHFQETWLAEAQVPDSDEQFVPDFHSENLAFHS,226.2319903,19.79393609,Prediction,39.0,90.0,52.0,False,False,True,False,False,0.490350944,0.412075269,160.3667367,132.7988312,181.0078304,12.0,12.0,15.0,P43268,ETV4,39.0,90.0
22.0,>sp|Q6ZV50|RFX8_HUMAN,TLCHRDSFGSWHLFHLLLLEYMIHILQSCLEEEEEEEDMGTVKEMLPDDPTLGQPD,,,Prediction,414.0,470.0,57.0,False,False,False,False,False,,,,,,,,,Q6ZV50,RFX8,414.0,470.0
23.0,>sp|Q7RTS3|PTF1A_HUMAN,DAVLLEHFPGGLDAFPSSYFDEDDFFTDQSSRDPLEDGDELLADEQAEVEFLSHQLHEYCYRDGACLLLQPAPP,229.0266708,16.26874188,Prediction,1.0,75.0,75.0,False,False,False,False,False,0.571421691,0.22707806,135.089054,149.4623323,198.0060537,12.0,8.0,11.0,Q7RTS3,PTF1A,1.0,75.0
24.0,>sp|Q96QS3|ARX_HUMAN,GTEDDEEELLEDEEDEDEEEELLEDDEEELLEDDARALLKEPRRCPVA,205.3100711,9.248260053,Prediction,221.0,269.0,49.0,False,False,False,False,False,-0.083782687,0.349639336,98.93997677,153.9251618,158.5425023,13.0,10.0,16.0,Q96QS3,ARX,221.0,269.0
25.0,>sp|P01106|MYC_HUMAN,YDLDYDSVQPYFYCDEEENFYQQQQQSELQPPAPSEDIW,237.9804401,5.622489169,Prediction,11.0,50.0,40.0,False,False,True,False,False,0.909856307,0.282409021,139.932956,182.3583781,187.1274137,60.0,45.0,64.0,P01106,MYC,11.0,50.0
26.0,>sp|O15060|ZBT39_HUMAN,SCLSNSEHSKDPGFGQMDELQLEDLGDDDLQFEDPAEDIGTTEEVIELSDDSEDELAFGE,213.1269444,20.77815051,Prediction,274.0,334.0,61.0,False,False,False,False,False,0.064541555,0.395560903,117.6268358,126.649119,190.5823059,11.0,9.0,10.0,O15060,ZBT39,274.0,334.0
27.0,>sp|Q9UIF9|BAZ2A_HUMAN,PDQLEDTPILSEDSLEPFNSLAPEPVSGGLYGIDDTEL,205.819541,1.207904502,Prediction,284.0,322.0,39.0,False,False,False,False,False,-0.05211621,0.219395227,114.6657255,151.5329783,146.7373466,26.0,17.0,24.0,Q9UIF9,BAZ2A,284.0,322.0
28.0,>sp|P19838|NFKB1_HUMAN,PLVENFEPLYDLDDSWENAGEDEGVVPGTTPLDMATSWQVFDIL,241.416787,11.86923749,Prediction,744.0,788.0,45.0,False,False,False,False,False,0.97345586,0.070962652,158.0249388,164.5171904,197.1856595,6.0,4.0,8.0,P19838,NFKB1,744.0,788.0
29.0,>sp|Q9Y2N7|HIF3A_HUMAN,FTSGKDTEAVETDLDIAQDADALDLEMLAPYISMDDDFQLNASEQLP,182.6184006,12.05578412,Prediction,462.0,509.0,48.0,False,True,False,False,False,-0.814409676,0.213918706,99.32694557,105.3573042,138.6483796,8.0,8.0,17.0,Q9Y2N7,HIF3A,462.0,509.0
30.0,>sp|Q05516|ZBT16_HUMAN,FQQILEYAYTATLQAKAEDLDDLLYAAEILEIEYLEEQCLKMLETIQASDDNDTEATMAD,205.1446542,28.83096126,Prediction,79.0,139.0,61.0,False,False,False,False,False,-0.178595644,0.735635977,74.12443727,137.6358216,199.1511313,8.0,12.0,14.0,Q05516,ZBT16,79.0,139.0
31.0,>sp|P18848|ATF4_HUMAN,MTEMSFLSSEVLVGDLMSPFDQSGLGAEESLGLLDDYLEVA,246.8693386,7.519642477,Prediction,0.0,41.0,42.0,False,False,False,False,False,1.161898613,0.180388947,151.9516947,183.6312611,200.5024874,41.0,36.0,51.0,,,,
32.0,>sp|P18848|ATF4_HUMAN,SKEDAFSGTDWMLEKMDLKEFDLDALLGIDDLETMPDDLLTTLDDTCDLFAPLVQETNKQ,231.2645406,11.99549682,Prediction,73.0,133.0,61.0,False,False,False,False,False,0.684085369,0.223079635,159.6825685,154.2761073,175.3123734,21.0,22.0,26.0,,,,
33.0,>sp|Q9P0U4|CXXC1_HUMAN,PPEATATPEPLSDEDLPLDPDLYQDFCAGAFDDHGLPWMSDTEESPFLDPALR,195.7955619,5.727084531,Prediction,268.0,321.0,54.0,False,False,False,False,False,-0.378923614,0.036750389,111.9980677,130.2801679,140.5858777,8.0,5.0,8.0,Q9P0U4,CXXC1,268.0,321.0
34.0,>sp|Q9NRM2|ZN277_HUMAN,NREYDRFYVINYLELGKSWEEVQLEDDRELLDHQEDDWSDWEEHPASAVCLFCEKQAETIE,215.6437466,5.184027703,Prediction,254.0,315.0,62.0,False,False,False,False,False,0.223542577,0.088422002,128.1875073,151.8599836,162.3611765,10.0,6.0,9.0,Q9NRM2,ZN277,254.0,315.0
35.0,>sp|Q9NRM2|ZN277_HUMAN,TWDQLEYYFPTYENDTLLCTLSDSESDLTAQEQNENVPIISED,216.4485351,11.51263067,Prediction,389.0,432.0,44.0,False,False,False,False,False,0.215655019,0.10917821,131.7555692,140.5789897,172.4884738,66.0,64.0,74.0,Q9NRM2,ZN277,389.0,432.0
36.0,>sp|Q96LU7|MRFL_HUMAN,GENEALQQFFEAQGANGTLENPALDTSLLEEFLGNDFDLG,269.8759153,15.99086534,Prediction,4.0,44.0,41.0,False,False,False,False,False,1.814608057,0.136348126,175.1054371,191.3328955,238.6668408,19.0,25.0,20.0,Q96LU7,MRFL,4.0,44.0
37.0,>sp|Q01094|E2F1_HUMAN,ADSLLEHVREDFSGLLPEEFISLSPPHEALDYHFGLEEGEGIRDLFDCDFGDLTPLDF,217.8757608,16.91400707,Prediction,379.0,437.0,59.0,False,True,True,False,False,0.40421838,0.71917239,139.5182817,186.1530482,123.43338,7.0,9.0,7.0,Q01094,E2F1,379.0,437.0
38.0,>sp|P35716|SOX11_HUMAN,LVDKDLDSFSEGSLGSHFEFPDYCTPELSEMIAGDWLEANFSDLV,261.6130812,20.06397168,Prediction,393.0,438.0,46.0,False,True,False,False,False,1.541571657,0.24997689,167.3516358,175.6140182,237.3510172,7.0,4.0,7.0,P35716,SOX11,393.0,438.0
39.0,>sp|P78413|IRX4_HUMAN,KEEKELELSDLDDFDPLEAEPPACELKPPFHSLDGGLERV,208.2142953,,Prediction,249.0,289.0,41.0,False,False,False,False,False,,,,154.1462739,,1.0,2.0,1.0,P78413,IRX4,249.0,289.0
40.0,>sp|Q3SY52|ZIK1_HUMAN,DEWGLLDEAQRLLYLEVMLENFALVASLGCGHGTEDEET,204.8248244,23.51289902,Prediction,38.0,77.0,40.0,True,False,False,False,False,-0.077263919,0.849713598,68.68931761,176.4529523,164.8096309,7.0,4.0,2.0,Q3SY52,ZIK1,38.0,77.0
41.0,>sp|Q14209|E2F2_HUMAN,CSSPLISFSPSLDQDDYLWGLEAGEGISDLFDSYDLGDLLIN,174.6761558,3.108613213,Prediction,395.0,437.0,43.0,False,True,False,False,False,-0.999025805,0.09718589,91.41180173,115.9926634,112.1014298,24.0,26.0,27.0,Q14209,E2F2,395.0,437.0
42.0,>sp|Q9H175|CSRN2_HUMAN,TKNGTVESVEADGLTLDDVSDEDIDVENVEVDDYFFLQPLPTK,178.1587384,13.66594169,Prediction,138.0,181.0,44.0,False,False,False,False,False,-0.910747957,0.332072554,114.6262579,103.0851351,112.2422496,50.0,51.0,46.0,Q9H175,CSRN2,138.0,181.0
43.0,>sp|O43524|FOXO3_HUMAN,KFPSDLDLDMFNGSLECDMESIIRSELMDADGLDFNFDSLIST,236.116638,11.57269459,Prediction,605.0,648.0,44.0,False,False,False,False,False,0.812822698,0.135435481,140.7976416,165.7919044,197.2377955,10.0,12.0,11.0,O43524,FOXO3,605.0,648.0
44.0,>sp|Q15911|ZFHX3_HUMAN,LYGGLLANGDLLAMGDPTLAEDHTIIVEEDKEEESDLED,195.5894349,8.018199677,Prediction,1462.0,1501.0,40.0,False,False,False,False,False,-0.399791438,0.136017456,101.1674565,131.017785,150.0604908,61.0,54.0,58.0,Q15911,ZFHX3,1462.0,1501.0
45.0,>sp|O15353|FOXN1_HUMAN,MHDTLLPDGDLGTDLDAINPSLTDFDFQGNLWEQLKDDSLALDPLV,264.7246071,15.99624866,Prediction,514.0,560.0,47.0,False,False,False,False,False,1.657553528,0.132517544,171.6675018,185.0933255,232.8904214,71.0,72.0,98.0,O15353,FOXN1,514.0,560.0
46.0,>sp|Q96JG9|ZN469_HUMAN,GPARLPTDLSDSSSLCLCHEDPWEDEDPAGLPESFLLDGFLNSRVP,218.7845181,7.926927922,Prediction,2875.0,2921.0,47.0,False,False,False,False,False,0.332117293,0.215991893,144.3413054,152.2847845,155.2048919,41.0,33.0,49.0,Q96JG9,ZN469,2875.0,2921.0
47.0,>sp|Q9NS37|ZHANG_HUMAN,VRAPSPEEMEEEAIASLPGEETEDMDFLSGLELADLLDPRQPDWHLDPGLSSPGPLSS,238.4762163,41.35860027,Prediction,74.0,132.0,59.0,False,False,False,False,False,0.735527623,0.926845043,120.8522027,131.3639293,258.6899445,5.0,6.0,8.0,Q9NS37,ZHANG,74.0,132.0
48.0,>sp|Q9NQX1|PRDM5_HUMAN,NLAAIQEGENIFYLAVEDIETDTELLIGYLDSDMEAEEEEQQIMTVIKEG,207.1838269,15.31468999,Prediction,94.0,144.0,51.0,False,False,False,False,False,-0.022339676,0.559302273,87.71233384,164.3354594,164.9811149,17.0,18.0,14.0,Q9NQX1,PRDM5,94.0,144.0
49.0,>sp|Q13398|ZN211_HUMAN,PASGSVTFEDVAVYFSWEEWDLLDEAQKHLYFDVMLENFALTSSLGCWCGVEHEET,173.0427135,16.01122157,Prediction,27.0,83.0,57.0,True,False,False,False,False,-1.127322913,0.365228201,76.01478035,96.01248642,142.5783012,28.0,13.0,17.0,Q13398,ZN211,27.0,83.0
50.0,>sp|Q8IX15|HOMEZ_HUMAN,RLSTQQVLDWFDSRLPQPAEVVVCLDEEEEEEEEELPEDD,168.357035,7.598888593,Prediction,488.0,528.0,41.0,False,False,False,False,False,-1.213123053,0.121561092,90.17784768,99.70733352,110.6633512,33.0,21.0,24.0,Q8IX15,HOMEZ,488.0,528.0
51.0,>sp|Q15329|E2F5_HUMAN,IIDELMSSDVFPLLRLSPTPADDYNFNLDDNEGVCDLFDVQ,229.3237668,21.18466485,Prediction,301.0,342.0,42.0,False,True,False,False,False,0.554408057,0.364846856,134.5800081,141.6627473,207.2059725,18.0,25.0,28.0,Q15329,E2F5,301.0,342.0
52.0,>sp|Q6ZRS2|SRCAP_HUMAN,EDTIAAEEQLEGEVDHAMELSELAREGELSMEELLQQYAGAYAPGSGSSEDEDEDEVD,210.3953784,20.30872293,Prediction,413.0,471.0,59.0,False,False,False,False,False,0.061519249,0.535423791,159.7505101,125.9405211,140.9725315,9.0,11.0,9.0,Q6ZRS2,SRCAP,413.0,471.0
53.0,>sp|P78415|IRX3_HUMAN,LADDDEDEEIDLENLDGAATEPELSLAGAARRDGDLGLG,176.7398234,5.991080982,Prediction,244.0,283.0,40.0,False,False,False,False,False,-0.911183527,0.245088424,96.95859702,124.4095308,104.3287698,7.0,9.0,11.0,P78415,IRX3,244.0,283.0
54.0,>sp|Q6NT04|TIGD7_HUMAN,PEYDFQGLEHGDYREILEKCGELETKLDDDRVWLNGDEE,225.8330861,2.94250581,Prediction,407.0,446.0,40.0,False,False,False,False,False,0.544509314,0.18682992,136.8885984,166.5550487,169.5330388,27.0,12.0,21.0,Q6NT04,TIGD7,407.0,446.0
55.0,>sp|Q6ZSZ6|TSH1_HUMAN,ESEDSLEKFEPSTLYPYLREEDLDDSPKGGLDILKSLE,212.8983603,6.147377703,Prediction,518.0,556.0,39.0,False,False,False,False,False,0.134543486,0.063836548,124.3402057,147.8856959,161.9466069,30.0,34.0,38.0,Q6ZSZ6,TSH1,518.0,556.0
56.0,>sp|O60678|ANM3_HUMAN,VEYMNSIYNPVPWEKEEYLKPVLEDDLLLQFDVEDLYEPVSVPFSYPNGLSENT,242.3708738,6.419762446,Prediction,102.0,156.0,55.0,False,False,False,False,False,1.089803669,0.452657012,161.3509616,192.8082572,168.4308301,8.0,4.0,19.0,O60678,ANM3,102.0,156.0
57.0,>sp|Q8NEP9|ZN555_HUMAN,DVAVDFTLEEWALLDSAQRDLYRDVMLETFQNLASVDDE,208.114172,28.26212115,Prediction,7.0,46.0,40.0,True,False,False,False,False,-0.08776564,0.72657167,155.6206597,98.46277562,165.7365083,27.0,17.0,21.0,Q8NEP9,ZN555,7.0,46.0
58.0,>sp|Q92949|FOXJ1_HUMAN,LPTPEEQGELEPLKGNFDWEAIFDAGTLGGELGALEALELSPP,222.836621,14.55906404,Prediction,292.0,335.0,44.0,False,False,False,False,False,0.417422386,0.285871764,154.4027862,140.7007986,168.8837056,57.0,66.0,69.0,,,,
59.0,>sp|Q92949|FOXJ1_HUMAN,VEQAADSLDFDETFLATSFLQHPWDESGSGCLPPEPLFEAGDAT,252.0478128,26.79232609,Prediction,362.0,406.0,45.0,False,False,False,False,False,1.216521573,0.471077663,152.4300649,157.6822238,241.5085771,43.0,38.0,44.0,,,,
60.0,>sp|P18850|ATF6A_HUMAN,TMESPFSPGLFHRLDEDWDSALFAELGYFTDTDELQLEAANETYENNFDNLDFDLDLMPWESDIWDINNQICTV,248.5441237,23.54830327,Prediction,9.0,83.0,75.0,False,True,True,False,False,1.167157665,0.587260824,122.8758666,186.9329507,231.3009812,5.0,11.0,12.0,P18850,ATF6A,9.0,83.0
61.0,>sp|O15156|ZBT7B_HUMAN,GPQSYEPYEGEEEEEELVYPPAYGLAQGGGPPLSPEELGSDEDAIDPDLM,214.4499393,15.96094664,Prediction,265.0,315.0,51.0,False,False,False,False,False,0.237397631,0.500890367,156.3187454,151.2809114,131.2275885,9.0,9.0,12.0,O15156,ZBT7B,265.0,315.0
62.0,>sp|Q2KHR2|RFX7_HUMAN,QLPLQSELKEFEPSVSQTNESYFPFDDELTQDSIVEELVLME,208.944866,4.114058776,Prediction,756.0,798.0,43.0,False,False,False,False,False,0.029552969,0.196329733,114.4449411,152.1013958,155.7656887,79.0,84.0,59.0,Q2KHR2,RFX7,756.0,798.0
63.0,>sp|Q9BVI0|PHF20_HUMAN,FNLLTHVESLQDEVTHRMDSIEKELDVLESWLDYTGELE,231.548948,14.86580799,Prediction,939.0,978.0,40.0,False,False,False,False,False,0.692973156,0.331605294,167.0790529,150.8064513,172.2387674,12.0,14.0,12.0,Q9BVI0,PHF20,939.0,978.0
64.0,>sp|Q9BVI0|PHF20_HUMAN,VKALEEDNLSESSSESFLWSDDEYGQDVDVTTNPDEELDGDDRYDFEVV,205.9528116,9.79799365,Prediction,604.0,653.0,50.0,False,False,False,False,False,-0.00350693,0.434931724,129.6243969,158.2709159,125.4405495,19.0,35.0,33.0,,,,
65.0,>sp|Q8WW38|FOG2_HUMAN,ECPSEETDIISKGDFPLEESFSTEFGPENLSCEEVEYFCNKGDDEGIQETAE,224.2058928,15.83772183,Prediction,25.0,77.0,53.0,False,False,False,False,False,0.472912002,0.503178253,106.1152056,173.3859491,188.5939512,15.0,13.0,23.0,Q8WW38,FOG2,25.0,77.0
66.0,>sp|P49910|ZN165_HUMAN,LELLVLEQFLTILPGDLQAWVHEHYPESGEEAVTILEDLE,206.4349687,16.28129162,Prediction,88.0,128.0,41.0,False,False,False,False,False,-0.1117692,0.306000582,106.1792009,131.3866137,177.2165191,31.0,18.0,22.0,P49910,ZN165,88.0,128.0
67.0,>sp|P17014|ZNF12_HUMAN,KLEQGEEPWIVEGEFLLQSYPDEVWQTDDLIERIQEEENK,179.4824812,14.48638503,Prediction,58.0,98.0,41.0,True,False,False,False,False,-0.892841555,0.336644123,113.1884604,98.58481175,122.151599,14.0,13.0,23.0,P17014,ZNF12,58.0,98.0
68.0,>sp|Q8N8E2|ZN513_HUMAN,VKCEGVKVDTEDSLDEGPGALVLESDLLLGQDLEFEEEEEEEEGDGNSDQLMGFERDSEGDSLGARPGLPYGL,241.9947282,40.95798163,Prediction,11.0,84.0,74.0,False,False,False,False,False,,,144.8785646,262.5025813,114.0804663,3.0,3.0,4.0,Q8N8E2,ZN513,11.0,84.0
69.0,>sp|Q96HQ0|ZN419_HUMAN,PAQVPVAADLLTDHEEGYVTFEDVAVYFSQEEWRLLDD,216.7640971,4.827722401,Prediction,8.0,46.0,39.0,True,False,False,False,False,0.264901014,0.215587741,121.0244455,159.8406631,164.9046101,31.0,35.0,48.0,Q96HQ0,ZN419,8.0,46.0
70.0,>sp|Q03701|CEBPZ_HUMAN,AVEDPDEEDEDNTSEAENGFSLEEVLRLGGTKQDYLMLATLDENEE,194.5490698,11.62520107,Prediction,20.0,66.0,47.0,False,False,False,False,False,-0.439351923,0.198703292,118.7681748,117.3259295,143.0305326,50.0,40.0,58.0,Q03701,CEBPZ,20.0,66.0
71.0,>sp|Q13129|RLF_HUMAN,CHQLLGQEASDSDDDLSGYEMSINDTDVLESFLSDYDEGKEDKQY,215.6783823,20.98751124,Prediction,478.0,523.0,46.0,False,False,False,False,False,0.140590281,0.395857645,127.4345608,124.8001126,190.277901,25.0,19.0,25.0,Q13129,RLF,478.0,523.0
72.0,>sp|P04198|MYCN_HUMAN,PDLEFDSLQPCFYPDEDDFYFGGPDSTPPGEDIWKKFELL,205.4247322,13.8141915,Prediction,16.0,56.0,41.0,False,False,False,False,False,-0.083502899,0.484095618,89.68732156,158.0398896,164.0244131,31.0,28.0,40.0,P04198,MYCN,16.0,56.0
73.0,>sp|Q9UMN6|KMT2B_HUMAN,PPEDLGPDFEDMEVVSGLSAADLDFAASLLGTEPFQEEIVA,225.0334656,5.17827172,Prediction,1968.0,2009.0,42.0,False,False,False,False,False,0.508391264,0.119166775,136.139909,161.8568562,172.5810592,100.0,100.0,104.0,Q9UMN6,KMT2B,1968.0,2009.0
74.0,>sp|Q12772|SRBP2_HUMAN,DDSGELGGLETMETLTELGDELTLGDIDEMLQFVSNQVGEFPDLFSEQLCSSFPG,255.6630044,17.92425994,Prediction,1.0,56.0,56.0,False,True,False,False,False,1.384001202,0.275853324,182.7031805,165.7988865,213.9643736,11.0,22.0,22.0,Q12772,SRBP2,1.0,56.0
75.0,>sp|Q96BA8|CR3L1_HUMAN,RLFPGSSFLDLGDLNESDFLNNAHFPEHLDHFTENMEDFSNDLFSSFFDDPVLDEKSPLLDMELDSPTPGIQAEH,244.3956022,13.32301848,Prediction,11.0,86.0,76.0,False,True,False,False,False,1.059012117,0.208907064,143.9162595,175.0790788,209.6688958,20.0,13.0,8.0,Q96BA8,CR3L1,11.0,86.0
76.0,>sp|Q9UIH9|KLF15_HUMAN,EHFCLPEFPLGDPDDVPRPFQPTLEEIEEFLEENMEPGV,296.9001544,17.78474805,Prediction,117.0,156.0,40.0,False,False,False,False,False,2.651605889,0.4340022,182.0684971,234.3188664,269.790527,37.0,41.0,31.0,Q9UIH9,KLF15,117.0,156.0
77.0,>sp|Q96PN7|TREF1_HUMAN,KDVDILDDDVVQQLGGVMEEAEVVDTDLLLDDQDSVLLQGDAEL,206.1752304,11.56179955,Prediction,1156.0,1200.0,45.0,False,False,False,False,False,-0.097803227,0.164957348,112.2901077,134.8534196,166.8595914,29.0,27.0,38.0,Q96PN7,TREF1,1156.0,1200.0
78.0,>sp|Q9Y330|ZBT12_HUMAN,PPPPPLPPPLLRPVKLEFPLDEDLELKAEEEDEDEDEDVSDICIVKVE,175.0196816,9.260135006,Prediction,166.0,214.0,49.0,False,False,False,False,False,-0.950435953,0.454519309,73.01664753,138.9357271,108.5840976,9.0,5.0,14.0,Q9Y330,ZBT12,166.0,214.0
79.0,>sp|Q8IY51|TIGD4_HUMAN,NAEKDTGLDLVADALGAGVEFPEGLSIEEYAALDDDLETCEAAPNGD,230.6503186,23.81804136,Prediction,390.0,437.0,48.0,False,False,False,False,False,0.580797405,0.437962454,135.3930713,138.7042594,213.3310526,13.0,13.0,21.0,Q8IY51,TIGD4,390.0,437.0
80.0,>sp|O75461|E2F6_HUMAN,QEELSDLSAMEDALDELIKDCAQQLFELTDDKENERLAYV,213.3479492,13.7538946,Prediction,143.0,183.0,41.0,False,False,False,False,False,0.11564151,0.210212194,135.4685294,131.9103101,168.1424355,36.0,44.0,50.0,O75461,E2F6,143.0,183.0
81.0,>sp|Q6P1N0|C2D1A_HUMAN,GLLVDLSPDGLMIPEDGANDEELEAEFLALVGGQPPALE,232.6478086,39.34841506,Prediction,21.0,60.0,40.0,False,False,False,False,False,0.630519583,1.014285567,81.80124837,167.0721407,244.5474642,10.0,11.0,16.0,Q6P1N0,C2D1A,21.0,60.0
82.0,>sp|Q7Z3V5|ZN571_HUMAN,VAIDFSQEEWECLDPAQRDLYRDVMLENYSNLISLDLE,220.0628011,5.607162716,Prediction,10.0,48.0,39.0,True,False,False,False,False,0.393941338,0.401368402,120.4000788,174.6856675,160.5800846,6.0,6.0,6.0,Q7Z3V5,ZN571,10.0,48.0
83.0,>sp|P41161|ETV5_HUMAN,RKFLDTDLAHDSEELFQDLSQLQEAWLAEAQVPDDEQFVPDFQSDNLVLHAP,269.1952367,21.31690395,Prediction,31.0,83.0,53.0,False,False,True,False,False,1.797568559,0.502116375,148.7172406,205.7058595,248.6400375,7.0,7.0,13.0,P41161,ETV5,31.0,83.0
84.0,>sp|P41161|ETV5_HUMAN,ESECHLSEEDTLPLTHFEDSPAYLLDMDRCSSLPYAEGF,230.8376003,20.31867788,Prediction,469.0,508.0,40.0,False,False,False,False,False,0.605514894,0.339174158,145.1883432,139.944517,202.8573681,24.0,19.0,25.0,P41161,ETV5,469.0,508.0
85.0,>sp|Q8IWY8|ZSC29_HUMAN,LLVLEQFLTVLPGEIQNWVQEQCPENGEEAVTLVEDLE,174.4443051,2.676511487,Prediction,59.0,97.0,39.0,False,False,False,False,False,-1.010062881,0.166407213,80.80157156,120.0484248,117.9603464,18.0,18.0,26.0,Q8IWY8,ZSC29,59.0,97.0
86.0,>sp|Q8WTR7|ZN473_HUMAN,EEFVTLKDVGMDFTLGDWEQLGLEQGDTFWDTALDNCQDLFLLDPP,256.5273619,21.68716186,Prediction,2.0,48.0,47.0,True,False,False,False,False,1.378949724,0.313715224,170.7723363,163.3010875,230.9860895,25.0,19.0,32.0,,,,
87.0,>sp|Q8WTR7|ZN473_HUMAN,LMEDFFEEGFSQEIIEMLSKDGFWNSNFGEACIEDTWLDSLL,265.5835395,12.22526183,Prediction,84.0,126.0,43.0,True,False,False,False,False,1.706260899,0.062531842,182.5714042,187.9417423,221.7148994,55.0,44.0,59.0,,,,
88.0,>sp|O00716|E2F3_HUMAN,QTEDQIPSNLEGPFVNLLPPLLQEDYLLSLGEEEGISDLFDAYDLEKLPLVEDFMCS,212.4002793,,Prediction,408.0,465.0,58.0,False,True,False,False,False,,,,,151.1252406,1.0,1.0,4.0,O00716,E2F3,408.0,465.0
89.0,>sp|Q8IZM8|ZN654_HUMAN,GSPNNSLNNVFKPLTECGDDYEEEEDEEGDYEEDDYDLNQETSVI,223.4044226,15.35529749,Prediction,132.0,177.0,46.0,False,False,False,False,False,0.426579035,0.374895384,112.3669728,161.5830679,191.7406547,19.0,17.0,19.0,Q8IZM8,ZN654,132.0,177.0
90.0,>sp|Q14872|MTF1_HUMAN,TVLIEQDPGTLEDEDDDGQCGEHLPFLVGGEEGFHLIDHEA,186.79674,4.356690272,Prediction,47.0,88.0,42.0,False,False,False,False,False,-0.64298286,0.061941911,103.3489124,124.1792952,128.33944,11.0,11.0,20.0,Q14872,MTF1,47.0,88.0
91.0,>sp|Q6R2W3|SCND3_HUMAN,LELLVLEQFLTILPEELQSWVREHNPESGEEVVTLLEDLERELDEP,199.6512464,3.257399575,Prediction,91.0,137.0,47.0,False,False,False,False,False,-0.2493163,0.11269559,114.2109409,139.0934803,141.1267455,30.0,34.0,29.0,Q6R2W3,SCND3,91.0,137.0
92.0,>sp|Q6P280|ZN529_HUMAN,PEVEFPDQFFTVLTMDHELVTLRDVVINFSQEEWEYLDSA,204.7733918,13.92904654,Prediction,19.0,59.0,41.0,True,False,False,False,False,-0.104649877,0.33768279,141.4006923,128.715638,139.6812725,57.0,52.0,50.0,Q6P280,ZN529,19.0,59.0
93.0,>sp|Q8IUX7|AEBP1_HUMAN,LALLALCPGGRPQTVLTDDEIEEFLEGFLSELEPEPRED,199.492411,6.266166942,Prediction,13.0,52.0,40.0,False,False,False,False,False,-0.273013043,0.10219163,107.3148302,136.385244,150.2545863,11.0,14.0,16.0,,,,
94.0,>sp|Q8IUX7|AEBP1_HUMAN,EVVTEFGTEVEPEFGTKVEPEFETQLEPEFETQLEPEFEEEEEEEKEEEIATGQAFPFTTVETYTVNFGDF,243.4198,11.947976,Prediction,1087.0,1158.0,72.0,False,False,False,False,False,1.036199543,0.096872406,162.4925322,165.8043346,197.4399607,8.0,4.0,8.0,,,,
95.0,>sp|P0CG23|ZN853_HUMAN,LQQQQEQLQQQQLQPPPLEPEEEEEVELELMPVDLGSEQELEQQRQELERQQELER,208.8312858,,Prediction,294.0,350.0,57.0,False,False,False,False,False,-0.272041841,,,,147.5562471,1.0,1.0,7.0,P0CG23,ZN853,294.0,350.0
96.0,>sp|Q8WY36|BBX_HUMAN,CLQWHPLLAKKLLDFSEEEEEEDEEEDIDKVQLLGADGLEQDVGET,188.8452863,12.21469965,Prediction,24.0,70.0,47.0,False,False,False,False,False,-0.537807435,0.379993115,122.4149119,131.1133511,108.4850233,13.0,10.0,15.0,Q8WY36,BBX,24.0,70.0
97.0,>sp|Q9ULD5|ZN777_HUMAN,EEQDEEEEEEEEDELPQHLQSLGQLSGRYEASMYQTPLPGEM,227.0159639,7.939883796,Prediction,453.0,495.0,43.0,True,False,False,False,False,0.561133676,0.093826849,146.1118165,157.0729684,173.3405344,12.0,12.0,12.0,Q9ULD5,ZN777,453.0,495.0
98.0,>sp|Q86UP3|ZFHX4_HUMAN,EPTEPGDEDEEDAYSNELDDEEVLGELTDSIGNKDFPLLNQSISPLS,200.2881892,12.07251012,Prediction,464.0,511.0,48.0,False,False,False,False,False,-0.277030089,0.215462358,102.5733924,130.9276927,162.8409101,22.0,18.0,24.0,Q86UP3,ZFHX4,464.0,511.0
99.0,>sp|Q86UP3|ZFHX4_HUMAN,ELSEAELQQLYASLPVNGELWAESETMSQDDHGLEQEME,251.0545021,10.61018843,Prediction,1404.0,1443.0,40.0,False,False,False,False,False,1.314488863,0.48787519,140.9636755,204.3170777,203.3601804,5.0,8.0,6.0,Q86UP3,ZFHX4,1404.0,1443.0
100.0,>sp|Q9H0D2|ZN541_HUMAN,VLEDNLDTLSLYSGKDSDSVKLLEEYADSESQASLQDL,219.944016,13.93448426,Prediction,66.0,104.0,39.0,False,False,False,False,False,0.308332621,0.172480983,134.1608508,140.2224839,180.9261407,20.0,19.0,23.0,Q9H0D2,ZN541,66.0,104.0
101.0,>sp|Q8NFU7|TET1_HUMAN,EADEPPSDEPLSDDPLSPAEEKLPHIDEYWSDSEHIFLDAN,188.5937063,16.40730174,Prediction,1964.0,2005.0,42.0,False,False,False,False,False,-0.624261663,0.465964917,72.42247438,131.8603578,156.9757141,7.0,8.0,12.0,Q8NFU7,TET1,1964.0,2005.0
102.0,>sp|Q00613|HSF1_HUMAN,PLFLLDPGSVDTGSNDLPVLFELGEGSYFSEGDGFAEDPTI,184.6970521,11.32614593,Prediction,471.0,512.0,42.0,False,True,False,False,False,-0.636204775,0.45052391,106.3216732,142.469289,100.7776217,7.0,11.0,15.0,Q00613,HSF1,471.0,512.0
103.0,>sp|Q8N7M2|ZN283_HUMAN,VAIDFSQEEWECLDPAQRDLYVDVMLENYSNLVSLDLES,201.2244475,8.016043178,Prediction,77.0,116.0,40.0,True,False,False,False,False,-0.212828075,0.13772441,124.564603,132.2239753,142.3621915,13.0,11.0,9.0,Q8N7M2,ZN283,77.0,116.0
104.0,>sp|Q9ULJ3|ZBT21_HUMAN,EHGSPVSEDNFEEGSSPTLLDADFPDSDLNKDEFGELEG,209.9352411,10.92936215,Prediction,500.0,539.0,40.0,False,False,False,False,False,0.036351197,0.299835968,104.4840147,151.3628091,169.4363269,55.0,61.0,76.0,Q9ULJ3,ZBT21,500.0,539.0
105.0,>sp|Q15776|ZKSC8_HUMAN,LELLVLEQFLTILPEELQTLVKEHQLENGEEVVTLLEDLERQID,178.8468544,14.22607083,Prediction,90.0,134.0,45.0,False,False,False,False,False,-0.915636085,0.324303352,110.8409443,97.73292499,123.4441214,61.0,44.0,62.0,Q15776,ZKSC8,90.0,134.0
106.0,>sp|O43309|ZSC12_HUMAN,QILELLVLEQFLTILPEELQAWVQEQHPESGEEVVTVLEDLERELDEPGE,201.7561741,24.92084047,Prediction,83.0,133.0,51.0,False,False,False,False,False,-0.294739058,0.581342721,128.407691,98.84369037,173.4945683,25.0,25.0,24.0,O43309,ZSC12,83.0,133.0
107.0,>sp|Q7Z7K2|ZN467_HUMAN,DEDQEAEEEVEWPQHLSLLPSPFPAPDLGHLAAAYKLE,192.0057101,10.0618448,Prediction,99.0,137.0,39.0,False,False,False,False,False,-0.512987365,0.232971395,91.29427034,129.4213855,150.7789021,31.0,29.0,35.0,Q7Z7K2,ZN467,99.0,137.0
108.0,>sp|Q9BQA5|HINFP_HUMAN,EKFFEHVTQHLQQHLHGSGEEEEEEEEDDPLEEEFSCLWQECGFCSLDSSADLIRHVYFHCYHT,194.1581105,23.06910374,Prediction,29.0,93.0,65.0,False,False,False,False,False,-0.513985547,0.545736176,121.9580199,94.44765186,161.5460871,13.0,7.0,7.0,Q9BQA5,HINFP,29.0,93.0
109.0,>sp|P17947|SPI1_HUMAN,YYPYLSSDGESHSDHYWDFHPHHVHSEFESFAENNFTE,217.4922724,14.53711855,Prediction,34.0,72.0,39.0,False,False,True,False,False,0.23926148,0.289964297,113.0769614,149.597191,185.2800922,24.0,27.0,37.0,P17947,SPI1,34.0,72.0
110.0,>sp|O60304|ZN500_HUMAN,PGLQPLPTLEQDLEQEEILIVKVEEDFCLEEEPSVETEDPSPETFRQLF,173.7280792,7.300391631,Prediction,4.0,53.0,50.0,False,False,False,False,False,-1.058006596,0.087080625,90.51057605,105.1366103,121.0144789,72.0,72.0,70.0,O60304,ZN500,4.0,53.0
111.0,>sp|Q9UC06|ZNF70_HUMAN,FPGEDLGDPFLQERGLEQMAVIYKEIPLGEQDEENDDYEGNF,192.0868423,28.72907846,Prediction,25.0,67.0,43.0,False,False,False,False,False,-0.417817941,0.824885798,158.2193571,123.8355421,89.68305513,10.0,15.0,14.0,Q9UC06,ZNF70,25.0,67.0
112.0,>sp|Q16665|HIF1A_HUMAN,ELVEKLFAEDTEAKNPFSTQDTDLDLEMLAPYIPMDDDF,228.8606125,9.779907201,Prediction,533.0,572.0,40.0,False,True,True,False,False,0.62327977,0.341465495,122.9437476,174.3956798,184.7198377,35.0,28.0,37.0,Q16665,HIF1A,533.0,572.0
113.0,>sp|A8MYZ6|FOXO6_HUMAN,APDRFPADLDLDMFSGSLECDVESIILNDFMDSDEMDFNFDSALPPPP,252.171633,7.522651154,Prediction,428.0,476.0,49.0,False,False,False,False,False,1.324876513,0.129685793,169.1167868,183.1401361,199.7354035,94.0,79.0,79.0,A8MYZ6,FOXO6,428.0,476.0
114.0,>sp|Q9UGL1|KDM5B_HUMAN,EDFQQHSQKLLSEETPSAAELQDLLDVSFEFDVELPQLAE,217.9082432,1.766691803,Prediction,869.0,909.0,41.0,False,False,False,False,False,0.310470168,0.199915594,129.8596971,160.375724,158.9667361,34.0,30.0,44.0,Q9UGL1,KDM5B,869.0,909.0
115.0,>sp|Q15047|SETB1_HUMAN,LTDDFADKEGLEMGDEYFANLDHIESVENFKEGYESDAP,218.1109985,9.174533668,Prediction,836.0,875.0,40.0,False,False,False,False,False,0.309316601,0.380972352,111.3555123,168.266968,170.1879428,43.0,30.0,36.0,Q15047,SETB1,836.0,875.0
116.0,>sp|P19532|TFE3_HUMAN,QPPAPPSDALLDLHFPSDHLGDLGDPFHLGLEDILMEEEEGVVGGLSGGAL,235.9211351,30.62994855,Prediction,490.0,541.0,52.0,False,False,False,False,False,0.980985458,1.030201001,192.0608245,194.8895728,116.2904353,10.0,3.0,12.0,P19532,TFE3,490.0,541.0
117.0,>sp|O95785|WIZ_HUMAN,GPYLCELLEEVAEGVASPDEDEDEEPAVFPCIECSIYF,183.5936595,16.42202728,Prediction,238.0,276.0,39.0,False,False,False,False,False,-0.810353235,0.344435716,90.58157556,103.1924551,152.4843753,20.0,9.0,16.0,O95785,WIZ,238.0,276.0
118.0,>sp|P36956|SRBP1_HUMAN,EPPFSEAALEQALGEPCDLDAALLTDIEDMLQLINNQDSDFPGLFDPPYAG,272.8935063,50.94390743,Prediction,2.0,53.0,52.0,False,True,False,False,False,2.16672925,1.314598293,246.1072833,156.4321955,,2.0,6.0,1.0,P36956,SRBP1,2.0,53.0
119.0,>sp|Q96MM3|ZFP42_HUMAN,QALGGDDFSDCYIECVIRGEFSQPILEEDSLFESLEYL,173.8349846,8.726305016,Prediction,60.0,98.0,39.0,False,False,False,False,False,-1.066418957,0.147705872,83.74586458,105.1279054,128.1086113,10.0,12.0,6.0,Q96MM3,ZFP42,60.0,98.0
120.0,>sp|O15391|TYY2_HUMAN,GDHDQEMLMLQTQEEVVGYCDSDNQLGNDLEDQLALPDSIEDEHFQMTLASL,219.2169193,9.62442624,Prediction,71.0,123.0,53.0,False,True,False,False,False,0.308161369,0.054366138,130.6151987,148.1975185,174.3154683,15.0,14.0,27.0,O15391,TYY2,71.0,123.0
121.0,>sp|Q96MW7|TIGD1_HUMAN,IDDYEGFKTSVEEVSADVVEIAKELELEVEPEDVTELLQSHDKTLTDEELFLMDAQRKWFLEMES,178.4950202,31.62399776,Prediction,410.0,475.0,66.0,False,False,False,False,False,-0.925757234,0.900899095,149.1373623,76.73290526,105.0922206,5.0,4.0,6.0,Q96MW7,TIGD1,410.0,475.0
122.0,>sp|Q8NCP5|ZBT44_HUMAN,LNHEASELANYFQSSDFLVPDYLNQEQEETLVQYDLGEHGFESNS,246.6323671,3.472322543,Prediction,508.0,553.0,46.0,False,False,False,False,False,1.183667031,0.327061955,151.1508406,193.1885893,191.0350991,25.0,24.0,33.0,Q8NCP5,ZBT44,508.0,553.0
123.0,>sp|Q9Y4A8|NF2L3_HUMAN,LTSQDLLYDLDINIFDEINLMSLATEDNFDPIDVSQLFDEPDSDSGLSLDSSH,222.1335941,19.58467903,Prediction,374.0,427.0,54.0,False,False,False,False,False,0.441139211,0.550105908,171.8975205,144.9558053,145.024884,16.0,18.0,21.0,Q9Y4A8,NF2L3,374.0,427.0
124.0,>sp|Q86W11|ZSC30_HUMAN,LLMLEQFLAILPEELQAWLREHRPENGEEAVTMLEELEKELEE,178.2513382,3.949787722,Prediction,89.0,132.0,44.0,False,False,False,False,False,-0.894580366,0.211080802,81.72659265,125.3383689,123.1664806,37.0,50.0,49.0,Q86W11,ZSC30,89.0,132.0
125.0,>sp|Q9UBX2|DUX4_HUMAN,ALPCGLLLDELLASPEFLQQAQPLLETEAPGELEASEEAASLEAPLSEEEYRALLEEL,224.8825754,34.41099976,Prediction,366.0,424.0,59.0,False,True,False,False,False,0.42320429,0.921644785,78.48611425,166.3017922,225.3372473,4.0,10.0,7.0,Q9UBX2,DUX4,366.0,424.0
126.0,>sp|Q8IUM7|NPAS4_HUMAN,SLDLKPWKCQELDFLADPDNMFLEETPVEDIFMDLSTPDPSEEWGSGDPEAE,229.539058,32.5647221,Prediction,682.0,734.0,53.0,False,False,False,False,False,0.501215017,0.697115789,130.7427243,124.4939569,228.8579203,17.0,14.0,18.0,,,,
127.0,>sp|Q8IUM7|NPAS4_HUMAN,PCNNLSPEDHSFLEDLATYETAFETGVSAFPYDGFTDELHQLQSQV,234.9175471,9.234499463,Prediction,741.0,787.0,47.0,False,False,False,False,False,0.787600513,0.023375364,147.1625902,164.1902757,188.8772028,144.0,127.0,148.0,,,,
128.0,>sp|Q06945|SOX4_HUMAN,SSDDEFEDDLLDLNPSSNFESMSLGSFSSSSALDRDLDFNFEP,213.1740087,19.7778042,Prediction,395.0,438.0,44.0,False,False,False,False,False,0.076435,0.386361898,135.2847461,120.6297444,179.0849632,21.0,19.0,25.0,Q06945,SOX4,395.0,438.0
129.0,>sp|Q7Z340|ZN551_HUMAN,SAQGMTFEDVAIYFSQEEWELLDESQRFLYCDVMLENF,196.3199777,7.067974164,Prediction,24.0,62.0,39.0,True,False,False,False,False,-0.354891686,0.13736474,119.2145855,129.8485398,135.3742352,69.0,66.0,45.0,Q7Z340,ZN551,24.0,62.0
130.0,>sp|Q96AP4|ZUP1_HUMAN,LDIPLEDCDQPLYDCPMCGLICTNYHILQEHVDLHLEE,196.5641423,5.474003884,Prediction,180.0,218.0,39.0,False,False,False,False,False,-0.352540751,0.057711655,113.6113656,131.5843572,139.9741317,51.0,48.0,40.0,Q96AP4,ZUP1,180.0,218.0
131.0,>sp|P52630|STAT2_HUMAN,SNRQVDELQQPLELKPEPELESLELELGLVPEPELSLDLEPLLKAGLDLGPELESVLESTLEPVIEPTLC,215.2692171,26.78498371,Prediction,698.0,768.0,71.0,False,False,False,False,False,0.211612388,0.887118385,73.11464167,180.793941,187.3764961,12.0,14.0,13.0,P52630,STAT2,698.0,768.0
132.0,>sp|P11473|VDR_HUMAN,MMDSSSFSNLDLSEEDSDDPSVTLELSQLSMLPHLADLVSY,227.8489872,18.43560195,Prediction,195.0,236.0,42.0,False,False,True,False,False,0.525405948,0.292818915,143.856418,139.5736369,195.5943342,24.0,20.0,21.0,P11473,VDR,195.0,236.0
133.0,>sp|Q04206|TF65_HUMAN,EGTLSEALLQLQFDDEDLGALLGNSTDPAVFTDLASVDNSEFQQ,227.9177045,27.01477426,Prediction,432.0,476.0,45.0,False,True,False,False,False,0.595795387,0.899955578,85.30746424,193.6179559,200.3051207,11.0,16.0,29.0,Q04206,TF65,432.0,476.0
134.0,>sp|P15172|MYOD1_HUMAN,LLSPPLRDVDLTAPDGSLCSFATTDDFYDDPCFDSPDLRFFEDLDPRL,209.8397256,16.98659173,Prediction,2.0,50.0,49.0,False,False,True,False,False,-0.002228507,0.331879645,137.3690688,121.8000263,165.8275093,17.0,28.0,28.0,P15172,MYOD1,2.0,50.0
135.0,>sp|Q9Y4E5|ZN451_HUMAN,NDLSYQNIEEEIVELPDLDYLRTMTHIVFVDFDNWSNF,176.7991863,8.258899793,Prediction,861.0,899.0,39.0,False,False,False,False,False,-0.961388047,0.127279865,98.62971772,106.5625376,120.682731,31.0,22.0,27.0,Q9Y4E5,ZN451,861.0,899.0
136.0,>sp|Q96LW9|ZSC31_HUMAN,ELLVLEQFLTILPEELQAWVREHHPESGEEAVAVVEDLE,205.4240505,19.2881535,Prediction,79.0,118.0,40.0,False,False,False,False,False,-0.152593046,0.400441968,131.0751129,113.100198,167.574268,48.0,43.0,49.0,Q96LW9,ZSC31,79.0,118.0
137.0,>sp|Q8NF99|ZN397_HUMAN,LELLVLEQFLSILPEELQIWVQQHNPESGEEAVTLLEDLEREFDDPG,190.3674488,10.74134073,Prediction,89.0,136.0,48.0,False,False,False,False,False,-0.517211593,0.457307114,79.73831388,148.0559709,138.785489,8.0,13.0,10.0,Q8NF99,ZN397,89.0,136.0
138.0,>sp|Q14494|NF2L1_HUMAN,ELPDPLGGLLDEAMLDEISLMDLAIEEGFNPVQASQLEEEFDSDSGLSLDSSH,199.9937733,21.99133579,Prediction,432.0,485.0,54.0,False,False,False,False,False,-0.325049958,0.509346649,86.50401424,126.3379157,182.6168174,15.0,14.0,8.0,Q14494,NF2L1,432.0,485.0
139.0,>sp|Q99607|ELF4_HUMAN,MDDDIHQLEDPSVFPAVIVEQVPYPDLLHLYSGLELDDVH,202.9185117,10.78245881,Prediction,18.0,58.0,41.0,False,False,False,False,False,-0.193270337,0.140179647,111.1470952,131.60606,161.4798074,11.0,6.0,11.0,Q99607,ELF4,18.0,58.0
140.0,>sp|Q8WYN3|CSRN3_HUMAN,TKNGTVESEEASTLTLDDISDDDIDLDNTEVDEYFFLQPLPTKK,194.6417071,20.84490884,Prediction,137.0,181.0,45.0,False,False,False,False,False,-0.34737113,0.83562879,67.41809678,174.361087,137.6233651,6.0,2.0,6.0,Q8WYN3,CSRN3,137.0,181.0
141.0,>sp|O43889|CREB3_HUMAN,ELELDAGDQDLLAFLLEESGDLGTAPDEAVRAPLDWALPLSEVPSDWEVDDLLC,267.814459,21.82864034,Prediction,1.0,55.0,55.0,False,True,False,False,False,1.776353703,0.525008062,215.0004934,174.644083,209.276228,5.0,8.0,5.0,O43889,CREB3,1.0,55.0
142.0,>sp|Q8WYA1|BMAL2_HUMAN,EPLLSDGAQLDFDALCDNDDTAMAAFMNYLEAEGGLGDPGDFSDIQWTL,245.9645549,13.09736853,Prediction,587.0,636.0,50.0,False,False,False,False,False,1.109753153,0.139396992,167.3670989,165.85368,200.1503131,31.0,35.0,42.0,Q8WYA1,BMAL2,587.0,636.0
143.0,>sp|P50549|ETV1_HUMAN,RDLAHDSEELFQDLSQLQETWLAEAQVPDNDEQFVPDYQAESLAFHG,253.043844,35.43974308,Prediction,36.0,83.0,48.0,False,False,True,False,False,1.281297961,0.936792366,220.5611001,133.7895027,200.2583567,8.0,15.0,10.0,P50549,ETV1,36.0,83.0
144.0,>sp|Q86UZ6|ZBT46_HUMAN,PEALFPGDGPYLEDPEDPRGEAEELGEDDEGLAPEDALLADDK,218.5174207,4.694538015,Prediction,523.0,566.0,44.0,False,False,False,False,False,0.321210053,0.240825483,122.0401255,162.9823514,166.0072128,30.0,29.0,27.0,Q86UZ6,ZBT46,523.0,566.0
145.0,>sp|Q16254|E2F4_HUMAN,LLEELMSSEVFAPLLRLSPPPGDHDYIYNLDESEGVCDLFD,228.8725976,15.95856931,Prediction,366.0,407.0,42.0,False,True,False,False,False,0.598377005,0.330868693,163.2822621,144.3903514,174.4226067,49.0,45.0,65.0,Q16254,E2F4,366.0,407.0
146.0,>sp|Q15596|NCOA2_HUMAN,TEKEEMSFEPGDQPGSELDNLEEILDDLQNSQLPQLFPDT,241.0327634,15.97299101,Prediction,785.0,825.0,41.0,False,False,False,False,False,0.937876975,0.177675211,153.7454091,158.4012024,206.4291062,29.0,23.0,18.0,Q15596,NCOA2,785.0,825.0
147.0,>sp|Q15596|NCOA2_HUMAN,SPDDLLCPHPAAESPSDEGALLDQLYLALRNFDGLEEID,230.8859182,15.36053046,Prediction,1058.0,1097.0,40.0,False,False,True,False,False,0.632390479,0.186031394,141.8622789,150.1350836,196.1378198,23.0,23.0,24.0,Q15596,NCOA2,1058.0,1097.0
148.0,>sp|P35638|DDIT3_HUMAN,SFGTLSSWELEAWYEDLQEVLSSDENGGTYVSPPGNEEEES,269.1929775,22.80232324,Prediction,8.0,49.0,42.0,False,False,False,False,False,1.757212584,0.308333003,180.0803755,175.5967611,247.3792235,24.0,26.0,33.0,P35638,DDIT3,8.0,49.0
149.0,>sp|O96006|ZBED1_HUMAN,DEQVFLYENARSGAEAEPEDQDEGEWGLDQEQVFSLGDG,204.1009535,25.35167889,Prediction,641.0,680.0,40.0,False,False,False,False,False,-0.225587175,0.589599717,131.0456519,100.3399458,176.3946902,8.0,10.0,13.0,O96006,ZBED1,641.0,680.0
